[0.000000] (-) TimerEvent: {}
[0.000382] (-) JobUnselected: {'identifier': 'tensegrity_controller'}
[0.000468] (tensegrity_core) JobQueued: {'identifier': 'tensegrity_core', 'dependencies': OrderedDict()}
[0.000559] (tensegrity_interfaces) JobQueued: {'identifier': 'tensegrity_interfaces', 'dependencies': OrderedDict()}
[0.000589] (tensegrity_driver) JobQueued: {'identifier': 'tensegrity_driver', 'dependencies': OrderedDict([('tensegrity_core', '/home/pracsys/Desktop/tensegrity/ros2_ws/src/install/tensegrity_core'), ('tensegrity_interfaces', '/home/pracsys/Desktop/tensegrity/ros2_ws/src/install/tensegrity_interfaces')])}
[0.000687] (tensegrity_planning) JobQueued: {'identifier': 'tensegrity_planning', 'dependencies': OrderedDict([('tensegrity_interfaces', '/home/pracsys/Desktop/tensegrity/ros2_ws/src/install/tensegrity_interfaces')])}
[0.000718] (tensegrity_bringup) JobQueued: {'identifier': 'tensegrity_bringup', 'dependencies': OrderedDict([('tensegrity_core', '/home/pracsys/Desktop/tensegrity/ros2_ws/src/install/tensegrity_core'), ('tensegrity_interfaces', '/home/pracsys/Desktop/tensegrity/ros2_ws/src/install/tensegrity_interfaces'), ('tensegrity_driver', '/home/pracsys/Desktop/tensegrity/ros2_ws/src/install/tensegrity_driver'), ('tensegrity_planning', '/home/pracsys/Desktop/tensegrity/ros2_ws/src/install/tensegrity_planning')])}
[0.000759] (tensegrity_interfaces) JobStarted: {'identifier': 'tensegrity_interfaces'}
[0.005368] (tensegrity_core) JobStarted: {'identifier': 'tensegrity_core'}
[0.014126] (tensegrity_interfaces) JobProgress: {'identifier': 'tensegrity_interfaces', 'progress': 'cmake'}
[0.014946] (tensegrity_interfaces) Command: {'cmd': ['/usr/bin/cmake', '/home/pracsys/Desktop/tensegrity/ros2_ws/src/tensegrity_interfaces', '-DAMENT_CMAKE_SYMLINK_INSTALL=1', '-DCMAKE_INSTALL_PREFIX=/home/pracsys/Desktop/tensegrity/ros2_ws/src/install/tensegrity_interfaces'], 'cwd': '/home/pracsys/Desktop/tensegrity/ros2_ws/src/build/tensegrity_interfaces', 'env': OrderedDict([('GJS_DEBUG_TOPICS', 'JS ERROR;JS LOG'), ('LESSOPEN', '| /usr/bin/lesspipe %s'), ('USER', 'pracsys'), ('ROS_PACKAGE_PATH', '/home/pracsys/ros-install/noetic/install_isolated/share'), ('XDG_SESSION_TYPE', 'x11'), ('GIT_ASKPASS', '/usr/share/code/resources/app/extensions/git/dist/askpass.sh'), ('ROS_ETC_DIR', '/home/pracsys/ros-install/noetic/install_isolated/etc/ros'), ('SHLVL', '1'), ('LD_LIBRARY_PATH', '/opt/ros/humble/lib/x86_64-linux-gnu:/opt/ros/humble/lib:/home/pracsys/ros-install/noetic/install_isolated/lib'), ('HOME', '/home/pracsys'), ('CHROME_DESKTOP', 'code.desktop'), ('CONDA_SHLVL', '0'), ('OLDPWD', '/home/pracsys/Desktop/tensegrity/ros2_ws/src/tensegrity_planning'), ('TERM_PROGRAM_VERSION', '1.109.0'), ('DESKTOP_SESSION', 'ubuntu'), ('GIO_LAUNCHED_DESKTOP_FILE', '/usr/share/applications/code.desktop'), ('ROS_PYTHON_VERSION', '3'), ('GNOME_SHELL_SESSION_MODE', 'ubuntu'), ('GTK_MODULES', 'gail:atk-bridge'), ('VSCODE_GIT_ASKPASS_MAIN', '/usr/share/code/resources/app/extensions/git/dist/askpass-main.js'), ('PS1', '\\[\x1b]633;A\x07\\]\\[\\033[0;1;36m\\]\\u:\\[\\033[0;91m\\] (feat/separate-tensegrity-core)\\[\\033[38;5;166;1m\\] \\W $ \\[\\033[0m\\]\\[\x1b]633;B\x07\\]'), ('VSCODE_GIT_ASKPASS_NODE', '/usr/share/code/code'), ('MANAGERPID', '1970'), ('SYSTEMD_EXEC_PID', '2212'), ('VSCODE_PYTHON_AUTOACTIVATE_GUARD', '1'), ('DBUS_SESSION_BUS_ADDRESS', 'unix:path=/run/user/1000/bus'), ('COLORTERM', 'truecolor'), ('_CE_M', ''), ('GIO_LAUNCHED_DESKTOP_FILE_PID', '96065'), ('IM_CONFIG_PHASE', '1'), ('ROS_DISTRO', 'humble'), ('GTK_IM_MODULE', 'ibus'), ('LOGNAME', 'pracsys'), ('JOURNAL_STREAM', '8:20602'), ('_', '/usr/bin/colcon'), ('ROS_VERSION', '2'), ('PKG_CONFIG_PATH', '/home/pracsys/ros-install/noetic/install_isolated/lib/pkgconfig'), ('XDG_SESSION_CLASS', 'user'), ('USERNAME', 'pracsys'), ('TERM', 'xterm-256color'), ('GNOME_DESKTOP_SESSION_ID', 'this-is-deprecated'), ('_CE_CONDA', ''), ('FC_FONTATIONS', '1'), ('ROS_LOCALHOST_ONLY', '0'), ('WINDOWPATH', '2'), ('PATH', '/opt/ros/humble/bin:/home/pracsys/ros-install/noetic/install_isolated/bin:/home/pracsys/.local/bin:/home/pracsys/anaconda3/condabin:/home/pracsys/.local/bin:/usr/local/sbin:/usr/local/bin:/usr/sbin:/usr/bin:/sbin:/bin:/usr/games:/usr/local/games:/snap/bin:/snap/bin'), ('SESSION_MANAGER', 'local/pracsys-HP-Z440-Workstation:@/tmp/.ICE-unix/2184,unix/pracsys-HP-Z440-Workstation:/tmp/.ICE-unix/2184'), ('GIT_PS1_SHOWDIRTYSTATE', '1'), ('INVOCATION_ID', '12bba4ae6633497c921952b83c306469'), ('XDG_MENU_PREFIX', 'gnome-'), ('XDG_RUNTIME_DIR', '/run/user/1000'), ('GDK_BACKEND', 'x11'), ('MAMBA_ROOT_PREFIX', '/home/pracsys/micromamba'), ('DISPLAY', ':1'), ('LANG', 'en_US.UTF-8'), ('XDG_CURRENT_DESKTOP', 'ubuntu:GNOME'), ('MJ_PATH', '/home/pracsys/mujoco/mujoco-2.3.7'), ('XMODIFIERS', '@im=ibus'), ('ROSLISP_PACKAGE_DIRECTORIES', ''), ('XDG_SESSION_DESKTOP', 'ubuntu'), ('XAUTHORITY', '/run/user/1000/gdm/Xauthority'), ('LS_COLORS', 'rs=0:di=01;34:ln=01;36:mh=00:pi=40;33:so=01;35:do=01;35:bd=40;33;01:cd=40;33;01:or=40;31;01:mi=00:su=37;41:sg=30;43:ca=30;41:tw=30;42:ow=34;42:st=37;44:ex=01;32:*.tar=01;31:*.tgz=01;31:*.arc=01;31:*.arj=01;31:*.taz=01;31:*.lha=01;31:*.lz4=01;31:*.lzh=01;31:*.lzma=01;31:*.tlz=01;31:*.txz=01;31:*.tzo=01;31:*.t7z=01;31:*.zip=01;31:*.z=01;31:*.dz=01;31:*.gz=01;31:*.lrz=01;31:*.lz=01;31:*.lzo=01;31:*.xz=01;31:*.zst=01;31:*.tzst=01;31:*.bz2=01;31:*.bz=01;31:*.tbz=01;31:*.tbz2=01;31:*.tz=01;31:*.deb=01;31:*.rpm=01;31:*.jar=01;31:*.war=01;31:*.ear=01;31:*.sar=01;31:*.rar=01;31:*.alz=01;31:*.ace=01;31:*.zoo=01;31:*.cpio=01;31:*.7z=01;31:*.rz=01;31:*.cab=01;31:*.wim=01;31:*.swm=01;31:*.dwm=01;31:*.esd=01;31:*.jpg=01;35:*.jpeg=01;35:*.mjpg=01;35:*.mjpeg=01;35:*.gif=01;35:*.bmp=01;35:*.pbm=01;35:*.pgm=01;35:*.ppm=01;35:*.tga=01;35:*.xbm=01;35:*.xpm=01;35:*.tif=01;35:*.tiff=01;35:*.png=01;35:*.svg=01;35:*.svgz=01;35:*.mng=01;35:*.pcx=01;35:*.mov=01;35:*.mpg=01;35:*.mpeg=01;35:*.m2v=01;35:*.mkv=01;35:*.webm=01;35:*.webp=01;35:*.ogm=01;35:*.mp4=01;35:*.m4v=01;35:*.mp4v=01;35:*.vob=01;35:*.qt=01;35:*.nuv=01;35:*.wmv=01;35:*.asf=01;35:*.rm=01;35:*.rmvb=01;35:*.flc=01;35:*.avi=01;35:*.fli=01;35:*.flv=01;35:*.gl=01;35:*.dl=01;35:*.xcf=01;35:*.xwd=01;35:*.yuv=01;35:*.cgm=01;35:*.emf=01;35:*.ogv=01;35:*.ogx=01;35:*.aac=00;36:*.au=00;36:*.flac=00;36:*.m4a=00;36:*.mid=00;36:*.midi=00;36:*.mka=00;36:*.mp3=00;36:*.mpc=00;36:*.ogg=00;36:*.ra=00;36:*.wav=00;36:*.oga=00;36:*.opus=00;36:*.spx=00;36:*.xspf=00;36:'), ('VSCODE_GIT_IPC_HANDLE', '/run/user/1000/vscode-git-df4d54f94b.sock'), ('ROS_ROOT', '/home/pracsys/ros-install/noetic/install_isolated/share/ros'), ('TERM_PROGRAM', 'vscode'), ('SSH_AGENT_LAUNCHER', 'gnome-keyring'), ('SSH_AUTH_SOCK', '/run/user/1000/keyring/ssh'), ('AMENT_PREFIX_PATH', '/opt/ros/humble'), ('CONDA_PYTHON_EXE', '/home/pracsys/anaconda3/bin/python'), ('SHELL', '/bin/bash'), ('QT_ACCESSIBILITY', '1'), ('ROS_MASTER_URI', 'http://robb.cs.rutgers.edu:11311/'), ('GDMSESSION', 'ubuntu'), ('LESSCLOSE', '/usr/bin/lesspipe %s %s'), ('GPG_AGENT_INFO', '/run/user/1000/gnupg/S.gpg-agent:0:1'), ('GJS_DEBUG_OUTPUT', 'stderr'), ('MAMBA_EXE', '/home/pracsys/.local/bin/micromamba'), ('VSCODE_GIT_ASKPASS_EXTRA_ARGS', ''), ('QT_IM_MODULE', 'ibus'), ('PWD', '/home/pracsys/Desktop/tensegrity/ros2_ws/src/build/tensegrity_interfaces'), ('XDG_CONFIG_DIRS', '/etc/xdg/xdg-ubuntu:/etc/xdg'), ('CONDA_EXE', '/home/pracsys/anaconda3/bin/conda'), ('XDG_DATA_DIRS', '/usr/share/ubuntu:/usr/share/gnome:/usr/local/share/:/usr/share/:/var/lib/snapd/desktop'), ('PYTHONPATH', '/opt/ros/humble/lib/python3.10/site-packages:/opt/ros/humble/local/lib/python3.10/dist-packages:/home/pracsys/ros-install/noetic/install_isolated/lib/python3/dist-packages'), ('ROS_HOSTNAME', 'robb.cs.rutgers.edu'), ('COLCON', '1'), ('DIRTMP_PATH', '/home/pracsys/code/ML4KP-devel'), ('CMAKE_PREFIX_PATH', '/opt/ros/humble:/home/pracsys/ros-install/noetic/install_isolated')]), 'shell': False}
[0.077462] (tensegrity_interfaces) StdoutLine: {'line': b'-- The C compiler identification is GNU 11.4.0\n'}
[0.099394] (-) TimerEvent: {}
[0.139013] (tensegrity_interfaces) StdoutLine: {'line': b'-- The CXX compiler identification is GNU 11.4.0\n'}
[0.150931] (tensegrity_interfaces) StdoutLine: {'line': b'-- Detecting C compiler ABI info\n'}
[0.199487] (-) TimerEvent: {}
[0.223732] (tensegrity_interfaces) StdoutLine: {'line': b'-- Detecting C compiler ABI info - done\n'}
[0.231995] (tensegrity_interfaces) StdoutLine: {'line': b'-- Check for working C compiler: /usr/bin/cc - skipped\n'}
[0.232235] (tensegrity_interfaces) StdoutLine: {'line': b'-- Detecting C compile features\n'}
[0.232708] (tensegrity_interfaces) StdoutLine: {'line': b'-- Detecting C compile features - done\n'}
[0.235830] (tensegrity_interfaces) StdoutLine: {'line': b'-- Detecting CXX compiler ABI info\n'}
[0.299602] (-) TimerEvent: {}
[0.325418] (tensegrity_interfaces) StdoutLine: {'line': b'-- Detecting CXX compiler ABI info - done\n'}
[0.333109] (tensegrity_interfaces) StdoutLine: {'line': b'-- Check for working CXX compiler: /usr/bin/c++ - skipped\n'}
[0.333338] (tensegrity_interfaces) StdoutLine: {'line': b'-- Detecting CXX compile features\n'}
[0.333885] (tensegrity_interfaces) StdoutLine: {'line': b'-- Detecting CXX compile features - done\n'}
[0.335439] (tensegrity_interfaces) StdoutLine: {'line': b'-- Found ament_cmake: 1.3.14 (/opt/ros/humble/share/ament_cmake/cmake)\n'}
[0.399706] (-) TimerEvent: {}
[0.499643] (tensegrity_interfaces) StdoutLine: {'line': b'-- Found Python3: /usr/bin/python3 (found version "3.10.12") found components: Interpreter \n'}
[0.499846] (-) TimerEvent: {}
[0.567689] (tensegrity_interfaces) StdoutLine: {'line': b'-- Override CMake install command with custom implementation using symlinks instead of copying resources\n'}
[0.599998] (-) TimerEvent: {}
[0.614127] (tensegrity_interfaces) StdoutLine: {'line': b'-- Found rosidl_default_generators: 1.2.1 (/opt/ros/humble/share/rosidl_default_generators/cmake)\n'}
[0.620710] (tensegrity_interfaces) StdoutLine: {'line': b'-- Using all available rosidl_typesupport_c: rosidl_typesupport_fastrtps_c;rosidl_typesupport_introspection_c\n'}
[0.633716] (tensegrity_interfaces) StdoutLine: {'line': b'-- Found rosidl_adapter: 3.1.8 (/opt/ros/humble/share/rosidl_adapter/cmake)\n'}
[0.689130] (tensegrity_interfaces) StdoutLine: {'line': b'-- Using all available rosidl_typesupport_cpp: rosidl_typesupport_fastrtps_cpp;rosidl_typesupport_introspection_cpp\n'}
[0.697201] (tensegrity_core) Command: {'cmd': ['/usr/bin/python3', '-W', 'ignore:setup.py install is deprecated', '-W', 'ignore:easy_install command is deprecated', 'setup.py', 'develop', '--editable', '--build-directory', '/home/pracsys/Desktop/tensegrity/ros2_ws/src/build/tensegrity_core/build', '--no-deps'], 'cwd': '/home/pracsys/Desktop/tensegrity/ros2_ws/src/build/tensegrity_core', 'env': {'GJS_DEBUG_TOPICS': 'JS ERROR;JS LOG', 'LESSOPEN': '| /usr/bin/lesspipe %s', 'USER': 'pracsys', 'ROS_PACKAGE_PATH': '/home/pracsys/ros-install/noetic/install_isolated/share', 'XDG_SESSION_TYPE': 'x11', 'GIT_ASKPASS': '/usr/share/code/resources/app/extensions/git/dist/askpass.sh', 'ROS_ETC_DIR': '/home/pracsys/ros-install/noetic/install_isolated/etc/ros', 'SHLVL': '1', 'LD_LIBRARY_PATH': '/opt/ros/humble/lib/x86_64-linux-gnu:/opt/ros/humble/lib:/home/pracsys/ros-install/noetic/install_isolated/lib', 'HOME': '/home/pracsys', 'CHROME_DESKTOP': 'code.desktop', 'CONDA_SHLVL': '0', 'OLDPWD': '/home/pracsys/Desktop/tensegrity/ros2_ws/src/tensegrity_planning', 'TERM_PROGRAM_VERSION': '1.109.0', 'DESKTOP_SESSION': 'ubuntu', 'GIO_LAUNCHED_DESKTOP_FILE': '/usr/share/applications/code.desktop', 'ROS_PYTHON_VERSION': '3', 'GNOME_SHELL_SESSION_MODE': 'ubuntu', 'GTK_MODULES': 'gail:atk-bridge', 'VSCODE_GIT_ASKPASS_MAIN': '/usr/share/code/resources/app/extensions/git/dist/askpass-main.js', 'PS1': '\\[\x1b]633;A\x07\\]\\[\\033[0;1;36m\\]\\u:\\[\\033[0;91m\\] (feat/separate-tensegrity-core)\\[\\033[38;5;166;1m\\] \\W $ \\[\\033[0m\\]\\[\x1b]633;B\x07\\]', 'VSCODE_GIT_ASKPASS_NODE': '/usr/share/code/code', 'MANAGERPID': '1970', 'SYSTEMD_EXEC_PID': '2212', 'VSCODE_PYTHON_AUTOACTIVATE_GUARD': '1', 'DBUS_SESSION_BUS_ADDRESS': 'unix:path=/run/user/1000/bus', 'COLORTERM': 'truecolor', '_CE_M': '', 'GIO_LAUNCHED_DESKTOP_FILE_PID': '96065', 'IM_CONFIG_PHASE': '1', 'ROS_DISTRO': 'humble', 'GTK_IM_MODULE': 'ibus', 'LOGNAME': 'pracsys', 'JOURNAL_STREAM': '8:20602', '_': '/usr/bin/colcon', 'ROS_VERSION': '2', 'PKG_CONFIG_PATH': '/home/pracsys/ros-install/noetic/install_isolated/lib/pkgconfig', 'XDG_SESSION_CLASS': 'user', 'USERNAME': 'pracsys', 'TERM': 'xterm-256color', 'GNOME_DESKTOP_SESSION_ID': 'this-is-deprecated', '_CE_CONDA': '', 'FC_FONTATIONS': '1', 'ROS_LOCALHOST_ONLY': '0', 'WINDOWPATH': '2', 'PATH': '/opt/ros/humble/bin:/home/pracsys/ros-install/noetic/install_isolated/bin:/home/pracsys/.local/bin:/home/pracsys/anaconda3/condabin:/home/pracsys/.local/bin:/usr/local/sbin:/usr/local/bin:/usr/sbin:/usr/bin:/sbin:/bin:/usr/games:/usr/local/games:/snap/bin:/snap/bin', 'SESSION_MANAGER': 'local/pracsys-HP-Z440-Workstation:@/tmp/.ICE-unix/2184,unix/pracsys-HP-Z440-Workstation:/tmp/.ICE-unix/2184', 'GIT_PS1_SHOWDIRTYSTATE': '1', 'INVOCATION_ID': '12bba4ae6633497c921952b83c306469', 'XDG_MENU_PREFIX': 'gnome-', 'XDG_RUNTIME_DIR': '/run/user/1000', 'GDK_BACKEND': 'x11', 'MAMBA_ROOT_PREFIX': '/home/pracsys/micromamba', 'DISPLAY': ':1', 'LANG': 'en_US.UTF-8', 'XDG_CURRENT_DESKTOP': 'ubuntu:GNOME', 'MJ_PATH': '/home/pracsys/mujoco/mujoco-2.3.7', 'XMODIFIERS': '@im=ibus', 'ROSLISP_PACKAGE_DIRECTORIES': '', 'XDG_SESSION_DESKTOP': 'ubuntu', 'XAUTHORITY': '/run/user/1000/gdm/Xauthority', 'LS_COLORS': 'rs=0:di=01;34:ln=01;36:mh=00:pi=40;33:so=01;35:do=01;35:bd=40;33;01:cd=40;33;01:or=40;31;01:mi=00:su=37;41:sg=30;43:ca=30;41:tw=30;42:ow=34;42:st=37;44:ex=01;32:*.tar=01;31:*.tgz=01;31:*.arc=01;31:*.arj=01;31:*.taz=01;31:*.lha=01;31:*.lz4=01;31:*.lzh=01;31:*.lzma=01;31:*.tlz=01;31:*.txz=01;31:*.tzo=01;31:*.t7z=01;31:*.zip=01;31:*.z=01;31:*.dz=01;31:*.gz=01;31:*.lrz=01;31:*.lz=01;31:*.lzo=01;31:*.xz=01;31:*.zst=01;31:*.tzst=01;31:*.bz2=01;31:*.bz=01;31:*.tbz=01;31:*.tbz2=01;31:*.tz=01;31:*.deb=01;31:*.rpm=01;31:*.jar=01;31:*.war=01;31:*.ear=01;31:*.sar=01;31:*.rar=01;31:*.alz=01;31:*.ace=01;31:*.zoo=01;31:*.cpio=01;31:*.7z=01;31:*.rz=01;31:*.cab=01;31:*.wim=01;31:*.swm=01;31:*.dwm=01;31:*.esd=01;31:*.jpg=01;35:*.jpeg=01;35:*.mjpg=01;35:*.mjpeg=01;35:*.gif=01;35:*.bmp=01;35:*.pbm=01;35:*.pgm=01;35:*.ppm=01;35:*.tga=01;35:*.xbm=01;35:*.xpm=01;35:*.tif=01;35:*.tiff=01;35:*.png=01;35:*.svg=01;35:*.svgz=01;35:*.mng=01;35:*.pcx=01;35:*.mov=01;35:*.mpg=01;35:*.mpeg=01;35:*.m2v=01;35:*.mkv=01;35:*.webm=01;35:*.webp=01;35:*.ogm=01;35:*.mp4=01;35:*.m4v=01;35:*.mp4v=01;35:*.vob=01;35:*.qt=01;35:*.nuv=01;35:*.wmv=01;35:*.asf=01;35:*.rm=01;35:*.rmvb=01;35:*.flc=01;35:*.avi=01;35:*.fli=01;35:*.flv=01;35:*.gl=01;35:*.dl=01;35:*.xcf=01;35:*.xwd=01;35:*.yuv=01;35:*.cgm=01;35:*.emf=01;35:*.ogv=01;35:*.ogx=01;35:*.aac=00;36:*.au=00;36:*.flac=00;36:*.m4a=00;36:*.mid=00;36:*.midi=00;36:*.mka=00;36:*.mp3=00;36:*.mpc=00;36:*.ogg=00;36:*.ra=00;36:*.wav=00;36:*.oga=00;36:*.opus=00;36:*.spx=00;36:*.xspf=00;36:', 'VSCODE_GIT_IPC_HANDLE': '/run/user/1000/vscode-git-df4d54f94b.sock', 'ROS_ROOT': '/home/pracsys/ros-install/noetic/install_isolated/share/ros', 'TERM_PROGRAM': 'vscode', 'SSH_AGENT_LAUNCHER': 'gnome-keyring', 'SSH_AUTH_SOCK': '/run/user/1000/keyring/ssh', 'AMENT_PREFIX_PATH': '/opt/ros/humble', 'CONDA_PYTHON_EXE': '/home/pracsys/anaconda3/bin/python', 'SHELL': '/bin/bash', 'QT_ACCESSIBILITY': '1', 'ROS_MASTER_URI': 'http://robb.cs.rutgers.edu:11311/', 'GDMSESSION': 'ubuntu', 'LESSCLOSE': '/usr/bin/lesspipe %s %s', 'GPG_AGENT_INFO': '/run/user/1000/gnupg/S.gpg-agent:0:1', 'GJS_DEBUG_OUTPUT': 'stderr', 'MAMBA_EXE': '/home/pracsys/.local/bin/micromamba', 'VSCODE_GIT_ASKPASS_EXTRA_ARGS': '', 'QT_IM_MODULE': 'ibus', 'PWD': '/home/pracsys/Desktop/tensegrity/ros2_ws/src/build/tensegrity_core', 'XDG_CONFIG_DIRS': '/etc/xdg/xdg-ubuntu:/etc/xdg', 'CONDA_EXE': '/home/pracsys/anaconda3/bin/conda', 'XDG_DATA_DIRS': '/usr/share/ubuntu:/usr/share/gnome:/usr/local/share/:/usr/share/:/var/lib/snapd/desktop', 'PYTHONPATH': '/home/pracsys/Desktop/tensegrity/ros2_ws/src/build/tensegrity_core/prefix_override:/usr/lib/python3/dist-packages/colcon_core/task/python/colcon_distutils_commands:/home/pracsys/Desktop/tensegrity/ros2_ws/src/install/tensegrity_core/lib/python3.10/site-packages:/opt/ros/humble/lib/python3.10/site-packages:/opt/ros/humble/local/lib/python3.10/dist-packages:/home/pracsys/ros-install/noetic/install_isolated/lib/python3/dist-packages', 'ROS_HOSTNAME': 'robb.cs.rutgers.edu', 'COLCON': '1', 'DIRTMP_PATH': '/home/pracsys/code/ML4KP-devel', 'CMAKE_PREFIX_PATH': '/home/pracsys/ros-install/noetic/install_isolated'}, 'shell': False}
[0.700053] (-) TimerEvent: {}
[0.724746] (tensegrity_interfaces) StdoutLine: {'line': b'-- Found std_msgs: 4.9.1 (/opt/ros/humble/share/std_msgs/cmake)\n'}
[0.750778] (tensegrity_interfaces) StdoutLine: {'line': b'-- Found geometry_msgs: 4.9.1 (/opt/ros/humble/share/geometry_msgs/cmake)\n'}
[0.800226] (-) TimerEvent: {}
[0.900686] (-) TimerEvent: {}
[0.994912] (tensegrity_core) StdoutLine: {'line': b'running develop\n'}
[1.000785] (-) TimerEvent: {}
[1.101185] (-) TimerEvent: {}
[1.201636] (-) TimerEvent: {}
[1.210237] (tensegrity_interfaces) StdoutLine: {'line': b'-- Found ament_cmake_ros: 0.10.0 (/opt/ros/humble/share/ament_cmake_ros/cmake)\n'}
[1.229599] (tensegrity_core) StdoutLine: {'line': b'running egg_info\n'}
[1.229911] (tensegrity_core) StdoutLine: {'line': b'creating tensegrity_core.egg-info\n'}
[1.230168] (tensegrity_core) StdoutLine: {'line': b'writing tensegrity_core.egg-info/PKG-INFO\n'}
[1.230490] (tensegrity_core) StdoutLine: {'line': b'writing dependency_links to tensegrity_core.egg-info/dependency_links.txt\n'}
[1.230681] (tensegrity_core) StdoutLine: {'line': b'writing requirements to tensegrity_core.egg-info/requires.txt\n'}
[1.230833] (tensegrity_core) StdoutLine: {'line': b'writing top-level names to tensegrity_core.egg-info/top_level.txt\n'}
[1.230979] (tensegrity_core) StdoutLine: {'line': b"writing manifest file 'tensegrity_core.egg-info/SOURCES.txt'\n"}
[1.232443] (tensegrity_core) StdoutLine: {'line': b"reading manifest file 'tensegrity_core.egg-info/SOURCES.txt'\n"}
[1.233105] (tensegrity_core) StdoutLine: {'line': b"writing manifest file 'tensegrity_core.egg-info/SOURCES.txt'\n"}
[1.234404] (tensegrity_core) StdoutLine: {'line': b'running build_ext\n'}
[1.234730] (tensegrity_core) StdoutLine: {'line': b'Creating /home/pracsys/Desktop/tensegrity/ros2_ws/src/install/tensegrity_core/lib/python3.10/site-packages/tensegrity-core.egg-link (link to .)\n'}
[1.235303] (tensegrity_core) StdoutLine: {'line': b'\n'}
[1.235548] (tensegrity_core) StdoutLine: {'line': b'Installed /home/pracsys/Desktop/tensegrity/ros2_ws/src/build/tensegrity_core\n'}
[1.258772] (tensegrity_core) CommandEnded: {'returncode': 0}
[1.279240] (tensegrity_core) JobEnded: {'identifier': 'tensegrity_core', 'rc': 0}
[1.301788] (-) TimerEvent: {}
[1.402201] (-) TimerEvent: {}
[1.502666] (-) TimerEvent: {}
[1.555419] (tensegrity_interfaces) StdoutLine: {'line': b'-- Using all available rosidl_typesupport_c: rosidl_typesupport_fastrtps_c;rosidl_typesupport_introspection_c\n'}
[1.602802] (-) TimerEvent: {}
[1.703225] (-) TimerEvent: {}
[1.803703] (-) TimerEvent: {}
[1.904155] (-) TimerEvent: {}
[2.004624] (-) TimerEvent: {}
[2.018736] (tensegrity_interfaces) StdoutLine: {'line': b'-- Using all available rosidl_typesupport_cpp: rosidl_typesupport_fastrtps_cpp;rosidl_typesupport_introspection_cpp\n'}
[2.047400] (tensegrity_interfaces) StdoutLine: {'line': b'-- Found PythonInterp: /usr/bin/python3 (found suitable version "3.10.12", minimum required is "3.6") \n'}
[2.048864] (tensegrity_interfaces) StdoutLine: {'line': b'-- Found python_cmake_module: 0.10.0 (/opt/ros/humble/share/python_cmake_module/cmake)\n'}
[2.081215] (tensegrity_interfaces) StdoutLine: {'line': b'-- Found PythonLibs: /usr/lib/x86_64-linux-gnu/libpython3.10.so (found suitable version "3.10.12", minimum required is "3.5") \n'}
[2.081617] (tensegrity_interfaces) StdoutLine: {'line': b'-- Using PYTHON_EXECUTABLE: /usr/bin/python3\n'}
[2.081800] (tensegrity_interfaces) StdoutLine: {'line': b'-- Using PYTHON_INCLUDE_DIRS: /usr/include/python3.10\n'}
[2.081963] (tensegrity_interfaces) StdoutLine: {'line': b'-- Using PYTHON_LIBRARIES: /usr/lib/x86_64-linux-gnu/libpython3.10.so\n'}
[2.104736] (-) TimerEvent: {}
[2.108490] (tensegrity_interfaces) StdoutLine: {'line': b'-- Found PythonExtra: .so  \n'}
[2.204876] (-) TimerEvent: {}
[2.305328] (-) TimerEvent: {}
[2.381038] (tensegrity_interfaces) StdoutLine: {'line': b'-- Configuring done\n'}
[2.405425] (-) TimerEvent: {}
[2.467896] (tensegrity_interfaces) StdoutLine: {'line': b'-- Generating done\n'}
[2.483497] (tensegrity_interfaces) StdoutLine: {'line': b'-- Build files have been written to: /home/pracsys/Desktop/tensegrity/ros2_ws/src/build/tensegrity_interfaces\n'}
[2.494392] (tensegrity_interfaces) CommandEnded: {'returncode': 0}
[2.495169] (tensegrity_interfaces) JobProgress: {'identifier': 'tensegrity_interfaces', 'progress': 'build'}
[2.495888] (tensegrity_interfaces) Command: {'cmd': ['/usr/bin/cmake', '--build', '/home/pracsys/Desktop/tensegrity/ros2_ws/src/build/tensegrity_interfaces', '--', '-j12', '-l12'], 'cwd': '/home/pracsys/Desktop/tensegrity/ros2_ws/src/build/tensegrity_interfaces', 'env': OrderedDict([('GJS_DEBUG_TOPICS', 'JS ERROR;JS LOG'), ('LESSOPEN', '| /usr/bin/lesspipe %s'), ('USER', 'pracsys'), ('ROS_PACKAGE_PATH', '/home/pracsys/ros-install/noetic/install_isolated/share'), ('XDG_SESSION_TYPE', 'x11'), ('GIT_ASKPASS', '/usr/share/code/resources/app/extensions/git/dist/askpass.sh'), ('ROS_ETC_DIR', '/home/pracsys/ros-install/noetic/install_isolated/etc/ros'), ('SHLVL', '1'), ('LD_LIBRARY_PATH', '/opt/ros/humble/lib/x86_64-linux-gnu:/opt/ros/humble/lib:/home/pracsys/ros-install/noetic/install_isolated/lib'), ('HOME', '/home/pracsys'), ('CHROME_DESKTOP', 'code.desktop'), ('CONDA_SHLVL', '0'), ('OLDPWD', '/home/pracsys/Desktop/tensegrity/ros2_ws/src/tensegrity_planning'), ('TERM_PROGRAM_VERSION', '1.109.0'), ('DESKTOP_SESSION', 'ubuntu'), ('GIO_LAUNCHED_DESKTOP_FILE', '/usr/share/applications/code.desktop'), ('ROS_PYTHON_VERSION', '3'), ('GNOME_SHELL_SESSION_MODE', 'ubuntu'), ('GTK_MODULES', 'gail:atk-bridge'), ('VSCODE_GIT_ASKPASS_MAIN', '/usr/share/code/resources/app/extensions/git/dist/askpass-main.js'), ('PS1', '\\[\x1b]633;A\x07\\]\\[\\033[0;1;36m\\]\\u:\\[\\033[0;91m\\] (feat/separate-tensegrity-core)\\[\\033[38;5;166;1m\\] \\W $ \\[\\033[0m\\]\\[\x1b]633;B\x07\\]'), ('VSCODE_GIT_ASKPASS_NODE', '/usr/share/code/code'), ('MANAGERPID', '1970'), ('SYSTEMD_EXEC_PID', '2212'), ('VSCODE_PYTHON_AUTOACTIVATE_GUARD', '1'), ('DBUS_SESSION_BUS_ADDRESS', 'unix:path=/run/user/1000/bus'), ('COLORTERM', 'truecolor'), ('_CE_M', ''), ('GIO_LAUNCHED_DESKTOP_FILE_PID', '96065'), ('IM_CONFIG_PHASE', '1'), ('ROS_DISTRO', 'humble'), ('GTK_IM_MODULE', 'ibus'), ('LOGNAME', 'pracsys'), ('JOURNAL_STREAM', '8:20602'), ('_', '/usr/bin/colcon'), ('ROS_VERSION', '2'), ('PKG_CONFIG_PATH', '/home/pracsys/ros-install/noetic/install_isolated/lib/pkgconfig'), ('XDG_SESSION_CLASS', 'user'), ('USERNAME', 'pracsys'), ('TERM', 'xterm-256color'), ('GNOME_DESKTOP_SESSION_ID', 'this-is-deprecated'), ('_CE_CONDA', ''), ('FC_FONTATIONS', '1'), ('ROS_LOCALHOST_ONLY', '0'), ('WINDOWPATH', '2'), ('PATH', '/opt/ros/humble/bin:/home/pracsys/ros-install/noetic/install_isolated/bin:/home/pracsys/.local/bin:/home/pracsys/anaconda3/condabin:/home/pracsys/.local/bin:/usr/local/sbin:/usr/local/bin:/usr/sbin:/usr/bin:/sbin:/bin:/usr/games:/usr/local/games:/snap/bin:/snap/bin'), ('SESSION_MANAGER', 'local/pracsys-HP-Z440-Workstation:@/tmp/.ICE-unix/2184,unix/pracsys-HP-Z440-Workstation:/tmp/.ICE-unix/2184'), ('GIT_PS1_SHOWDIRTYSTATE', '1'), ('INVOCATION_ID', '12bba4ae6633497c921952b83c306469'), ('XDG_MENU_PREFIX', 'gnome-'), ('XDG_RUNTIME_DIR', '/run/user/1000'), ('GDK_BACKEND', 'x11'), ('MAMBA_ROOT_PREFIX', '/home/pracsys/micromamba'), ('DISPLAY', ':1'), ('LANG', 'en_US.UTF-8'), ('XDG_CURRENT_DESKTOP', 'ubuntu:GNOME'), ('MJ_PATH', '/home/pracsys/mujoco/mujoco-2.3.7'), ('XMODIFIERS', '@im=ibus'), ('ROSLISP_PACKAGE_DIRECTORIES', ''), ('XDG_SESSION_DESKTOP', 'ubuntu'), ('XAUTHORITY', '/run/user/1000/gdm/Xauthority'), ('LS_COLORS', 'rs=0:di=01;34:ln=01;36:mh=00:pi=40;33:so=01;35:do=01;35:bd=40;33;01:cd=40;33;01:or=40;31;01:mi=00:su=37;41:sg=30;43:ca=30;41:tw=30;42:ow=34;42:st=37;44:ex=01;32:*.tar=01;31:*.tgz=01;31:*.arc=01;31:*.arj=01;31:*.taz=01;31:*.lha=01;31:*.lz4=01;31:*.lzh=01;31:*.lzma=01;31:*.tlz=01;31:*.txz=01;31:*.tzo=01;31:*.t7z=01;31:*.zip=01;31:*.z=01;31:*.dz=01;31:*.gz=01;31:*.lrz=01;31:*.lz=01;31:*.lzo=01;31:*.xz=01;31:*.zst=01;31:*.tzst=01;31:*.bz2=01;31:*.bz=01;31:*.tbz=01;31:*.tbz2=01;31:*.tz=01;31:*.deb=01;31:*.rpm=01;31:*.jar=01;31:*.war=01;31:*.ear=01;31:*.sar=01;31:*.rar=01;31:*.alz=01;31:*.ace=01;31:*.zoo=01;31:*.cpio=01;31:*.7z=01;31:*.rz=01;31:*.cab=01;31:*.wim=01;31:*.swm=01;31:*.dwm=01;31:*.esd=01;31:*.jpg=01;35:*.jpeg=01;35:*.mjpg=01;35:*.mjpeg=01;35:*.gif=01;35:*.bmp=01;35:*.pbm=01;35:*.pgm=01;35:*.ppm=01;35:*.tga=01;35:*.xbm=01;35:*.xpm=01;35:*.tif=01;35:*.tiff=01;35:*.png=01;35:*.svg=01;35:*.svgz=01;35:*.mng=01;35:*.pcx=01;35:*.mov=01;35:*.mpg=01;35:*.mpeg=01;35:*.m2v=01;35:*.mkv=01;35:*.webm=01;35:*.webp=01;35:*.ogm=01;35:*.mp4=01;35:*.m4v=01;35:*.mp4v=01;35:*.vob=01;35:*.qt=01;35:*.nuv=01;35:*.wmv=01;35:*.asf=01;35:*.rm=01;35:*.rmvb=01;35:*.flc=01;35:*.avi=01;35:*.fli=01;35:*.flv=01;35:*.gl=01;35:*.dl=01;35:*.xcf=01;35:*.xwd=01;35:*.yuv=01;35:*.cgm=01;35:*.emf=01;35:*.ogv=01;35:*.ogx=01;35:*.aac=00;36:*.au=00;36:*.flac=00;36:*.m4a=00;36:*.mid=00;36:*.midi=00;36:*.mka=00;36:*.mp3=00;36:*.mpc=00;36:*.ogg=00;36:*.ra=00;36:*.wav=00;36:*.oga=00;36:*.opus=00;36:*.spx=00;36:*.xspf=00;36:'), ('VSCODE_GIT_IPC_HANDLE', '/run/user/1000/vscode-git-df4d54f94b.sock'), ('ROS_ROOT', '/home/pracsys/ros-install/noetic/install_isolated/share/ros'), ('TERM_PROGRAM', 'vscode'), ('SSH_AGENT_LAUNCHER', 'gnome-keyring'), ('SSH_AUTH_SOCK', '/run/user/1000/keyring/ssh'), ('AMENT_PREFIX_PATH', '/opt/ros/humble'), ('CONDA_PYTHON_EXE', '/home/pracsys/anaconda3/bin/python'), ('SHELL', '/bin/bash'), ('QT_ACCESSIBILITY', '1'), ('ROS_MASTER_URI', 'http://robb.cs.rutgers.edu:11311/'), ('GDMSESSION', 'ubuntu'), ('LESSCLOSE', '/usr/bin/lesspipe %s %s'), ('GPG_AGENT_INFO', '/run/user/1000/gnupg/S.gpg-agent:0:1'), ('GJS_DEBUG_OUTPUT', 'stderr'), ('MAMBA_EXE', '/home/pracsys/.local/bin/micromamba'), ('VSCODE_GIT_ASKPASS_EXTRA_ARGS', ''), ('QT_IM_MODULE', 'ibus'), ('PWD', '/home/pracsys/Desktop/tensegrity/ros2_ws/src/build/tensegrity_interfaces'), ('XDG_CONFIG_DIRS', '/etc/xdg/xdg-ubuntu:/etc/xdg'), ('CONDA_EXE', '/home/pracsys/anaconda3/bin/conda'), ('XDG_DATA_DIRS', '/usr/share/ubuntu:/usr/share/gnome:/usr/local/share/:/usr/share/:/var/lib/snapd/desktop'), ('PYTHONPATH', '/opt/ros/humble/lib/python3.10/site-packages:/opt/ros/humble/local/lib/python3.10/dist-packages:/home/pracsys/ros-install/noetic/install_isolated/lib/python3/dist-packages'), ('ROS_HOSTNAME', 'robb.cs.rutgers.edu'), ('COLCON', '1'), ('DIRTMP_PATH', '/home/pracsys/code/ML4KP-devel'), ('CMAKE_PREFIX_PATH', '/opt/ros/humble:/home/pracsys/ros-install/noetic/install_isolated')]), 'shell': False}
[2.505563] (-) TimerEvent: {}
[2.552148] (tensegrity_interfaces) StdoutLine: {'line': b'[  1%] \x1b[34m\x1b[1mGenerating C code for ROS interfaces\x1b[0m\n'}
[2.561324] (tensegrity_interfaces) StdoutLine: {'line': b'[  2%] \x1b[34m\x1b[1mGenerating Rust code for ROS interfaces\x1b[0m\n'}
[2.562485] (tensegrity_interfaces) StdoutLine: {'line': b'[  2%] \x1b[34m\x1b[1mGenerating C++ code for ROS interfaces\x1b[0m\n'}
[2.569800] (tensegrity_interfaces) StdoutLine: {'line': b'[  2%] Built target ament_cmake_python_symlink_tensegrity_interfaces\n'}
[2.605681] (-) TimerEvent: {}
[2.706065] (-) TimerEvent: {}
[2.806505] (-) TimerEvent: {}
[2.886059] (tensegrity_interfaces) StdoutLine: {'line': b'running egg_info\n'}
[2.887215] (tensegrity_interfaces) StdoutLine: {'line': b'creating tensegrity_interfaces.egg-info\n'}
[2.887628] (tensegrity_interfaces) StdoutLine: {'line': b'writing tensegrity_interfaces.egg-info/PKG-INFO\n'}
[2.887921] (tensegrity_interfaces) StdoutLine: {'line': b'writing dependency_links to tensegrity_interfaces.egg-info/dependency_links.txt\n'}
[2.888201] (tensegrity_interfaces) StdoutLine: {'line': b'writing top-level names to tensegrity_interfaces.egg-info/top_level.txt\n'}
[2.888489] (tensegrity_interfaces) StdoutLine: {'line': b"writing manifest file 'tensegrity_interfaces.egg-info/SOURCES.txt'\n"}
[2.891707] (tensegrity_interfaces) StdoutLine: {'line': b"reading manifest file 'tensegrity_interfaces.egg-info/SOURCES.txt'\n"}
[2.892553] (tensegrity_interfaces) StdoutLine: {'line': b"writing manifest file 'tensegrity_interfaces.egg-info/SOURCES.txt'\n"}
[2.906600] (-) TimerEvent: {}
[2.924478] (tensegrity_interfaces) StdoutLine: {'line': b'[  2%] Built target ament_cmake_python_build_tensegrity_interfaces_egg\n'}
[3.006723] (-) TimerEvent: {}
[3.107101] (-) TimerEvent: {}
[3.207498] (-) TimerEvent: {}
[3.272323] (tensegrity_interfaces) StdoutLine: {'line': b'[  2%] Built target tensegrity_interfaces__rs\n'}
[3.307640] (-) TimerEvent: {}
[3.408011] (-) TimerEvent: {}
[3.508273] (-) TimerEvent: {}
[3.608580] (-) TimerEvent: {}
[3.708967] (-) TimerEvent: {}
[3.760440] (tensegrity_interfaces) StdoutLine: {'line': b'[  2%] Built target tensegrity_interfaces__cpp\n'}
[3.773159] (tensegrity_interfaces) StdoutLine: {'line': b'[  3%] \x1b[34m\x1b[1mGenerating C++ introspection for ROS interfaces\x1b[0m\n'}
[3.774291] (tensegrity_interfaces) StdoutLine: {'line': b'[  4%] \x1b[34m\x1b[1mGenerating C++ type support for eProsima Fast-RTPS\x1b[0m\n'}
[3.777515] (tensegrity_interfaces) StdoutLine: {'line': b'[  5%] \x1b[34m\x1b[1mGenerating C++ type support dispatch for ROS interfaces\x1b[0m\n'}
[3.809560] (-) TimerEvent: {}
[3.857460] (tensegrity_interfaces) StdoutLine: {'line': b'[  7%] \x1b[32mBuilding C object CMakeFiles/tensegrity_interfaces__rosidl_generator_c.dir/rosidl_generator_c/tensegrity_interfaces/msg/detail/node__functions.c.o\x1b[0m\n'}
[3.857690] (tensegrity_interfaces) StdoutLine: {'line': b'[  7%] \x1b[32mBuilding C object CMakeFiles/tensegrity_interfaces__rosidl_generator_c.dir/rosidl_generator_c/tensegrity_interfaces/msg/detail/motor__functions.c.o\x1b[0m\n'}
[3.857810] (tensegrity_interfaces) StdoutLine: {'line': b'[  7%] \x1b[32mBuilding C object CMakeFiles/tensegrity_interfaces__rosidl_generator_c.dir/rosidl_generator_c/tensegrity_interfaces/msg/detail/info__functions.c.o\x1b[0m\n'}
[3.857912] (tensegrity_interfaces) StdoutLine: {'line': b'[  8%] \x1b[32mBuilding C object CMakeFiles/tensegrity_interfaces__rosidl_generator_c.dir/rosidl_generator_c/tensegrity_interfaces/msg/detail/sensor__functions.c.o\x1b[0m\n'}
[3.858007] (tensegrity_interfaces) StdoutLine: {'line': b'[  9%] \x1b[32mBuilding C object CMakeFiles/tensegrity_interfaces__rosidl_generator_c.dir/rosidl_generator_c/tensegrity_interfaces/msg/detail/motors_stamped__functions.c.o\x1b[0m\n'}
[3.858147] (tensegrity_interfaces) StdoutLine: {'line': b'[  9%] \x1b[32mBuilding C object CMakeFiles/tensegrity_interfaces__rosidl_generator_c.dir/rosidl_generator_c/tensegrity_interfaces/msg/detail/imu__functions.c.o\x1b[0m\n'}
[3.858213] (tensegrity_interfaces) StdoutLine: {'line': b'[ 10%] \x1b[32mBuilding C object CMakeFiles/tensegrity_interfaces__rosidl_generator_c.dir/rosidl_generator_c/tensegrity_interfaces/msg/detail/sensors_stamped__functions.c.o\x1b[0m\n'}
[3.858273] (tensegrity_interfaces) StdoutLine: {'line': b'[ 10%] \x1b[32mBuilding C object CMakeFiles/tensegrity_interfaces__rosidl_generator_c.dir/rosidl_generator_c/tensegrity_interfaces/msg/detail/nodes_stamped__functions.c.o\x1b[0m\n'}
[3.858332] (tensegrity_interfaces) StdoutLine: {'line': b'[ 11%] \x1b[32mBuilding C object CMakeFiles/tensegrity_interfaces__rosidl_generator_c.dir/rosidl_generator_c/tensegrity_interfaces/msg/detail/imu_stamped__functions.c.o\x1b[0m\n'}
[3.910174] (-) TimerEvent: {}
[3.926681] (tensegrity_interfaces) StdoutLine: {'line': b'[ 12%] \x1b[32mBuilding C object CMakeFiles/tensegrity_interfaces__rosidl_generator_c.dir/rosidl_generator_c/tensegrity_interfaces/msg/detail/tensegrity_stamped__functions.c.o\x1b[0m\n'}
[3.927337] (tensegrity_interfaces) StdoutLine: {'line': b'[ 14%] \x1b[32mBuilding C object CMakeFiles/tensegrity_interfaces__rosidl_generator_c.dir/rosidl_generator_c/tensegrity_interfaces/msg/detail/stamped_index__functions.c.o\x1b[0m\n'}
[3.927487] (tensegrity_interfaces) StdoutLine: {'line': b'[ 14%] \x1b[32mBuilding C object CMakeFiles/tensegrity_interfaces__rosidl_generator_c.dir/rosidl_generator_c/tensegrity_interfaces/msg/detail/trajectory__functions.c.o\x1b[0m\n'}
[3.928501] (tensegrity_interfaces) StdoutLine: {'line': b'[ 14%] \x1b[32mBuilding C object CMakeFiles/tensegrity_interfaces__rosidl_generator_c.dir/rosidl_generator_c/tensegrity_interfaces/msg/detail/state__functions.c.o\x1b[0m\n'}
[3.931532] (tensegrity_interfaces) StdoutLine: {'line': b'[ 15%] \x1b[32mBuilding C object CMakeFiles/tensegrity_interfaces__rosidl_generator_c.dir/rosidl_generator_c/tensegrity_interfaces/msg/detail/action__functions.c.o\x1b[0m\n'}
[3.998218] (tensegrity_interfaces) StdoutLine: {'line': b'[ 16%] \x1b[32m\x1b[1mLinking C shared library libtensegrity_interfaces__rosidl_generator_c.so\x1b[0m\n'}
[4.010264] (-) TimerEvent: {}
[4.039283] (tensegrity_interfaces) StdoutLine: {'line': b'[ 16%] Built target tensegrity_interfaces__rosidl_generator_c\n'}
[4.049566] (tensegrity_interfaces) StdoutLine: {'line': b'[ 17%] \x1b[34m\x1b[1mGenerating C introspection for ROS interfaces\x1b[0m\n'}
[4.049843] (tensegrity_interfaces) StdoutLine: {'line': b'[ 18%] \x1b[34m\x1b[1mGenerating C type support for eProsima Fast-RTPS\x1b[0m\n'}
[4.049964] (tensegrity_interfaces) StdoutLine: {'line': b'[ 19%] \x1b[34m\x1b[1mGenerating C type support dispatch for ROS interfaces\x1b[0m\n'}
[4.110375] (-) TimerEvent: {}
[4.210673] (-) TimerEvent: {}
[4.310969] (-) TimerEvent: {}
[4.411268] (-) TimerEvent: {}
[4.511572] (-) TimerEvent: {}
[4.607050] (tensegrity_interfaces) StdoutLine: {'line': b'[ 22%] \x1b[32mBuilding CXX object CMakeFiles/tensegrity_interfaces__rosidl_typesupport_cpp.dir/rosidl_typesupport_cpp/tensegrity_interfaces/msg/info__type_support.cpp.o\x1b[0m\n'}
[4.607296] (tensegrity_interfaces) StdoutLine: {'line': b'[ 22%] \x1b[32mBuilding CXX object CMakeFiles/tensegrity_interfaces__rosidl_typesupport_cpp.dir/rosidl_typesupport_cpp/tensegrity_interfaces/msg/node__type_support.cpp.o\x1b[0m\n'}
[4.607527] (tensegrity_interfaces) StdoutLine: {'line': b'[ 22%] \x1b[32mBuilding CXX object CMakeFiles/tensegrity_interfaces__rosidl_typesupport_cpp.dir/rosidl_typesupport_cpp/tensegrity_interfaces/msg/motor__type_support.cpp.o\x1b[0m\n'}
[4.607701] (tensegrity_interfaces) StdoutLine: {'line': b'[ 22%] \x1b[32mBuilding CXX object CMakeFiles/tensegrity_interfaces__rosidl_typesupport_cpp.dir/rosidl_typesupport_cpp/tensegrity_interfaces/msg/sensor__type_support.cpp.o\x1b[0m\n'}
[4.607830] (tensegrity_interfaces) StdoutLine: {'line': b'[ 22%] \x1b[32mBuilding CXX object CMakeFiles/tensegrity_interfaces__rosidl_typesupport_cpp.dir/rosidl_typesupport_cpp/tensegrity_interfaces/msg/imu__type_support.cpp.o\x1b[0m\n'}
[4.607941] (tensegrity_interfaces) StdoutLine: {'line': b'[ 23%] \x1b[32mBuilding CXX object CMakeFiles/tensegrity_interfaces__rosidl_typesupport_cpp.dir/rosidl_typesupport_cpp/tensegrity_interfaces/msg/motors_stamped__type_support.cpp.o\x1b[0m\n'}
[4.608049] (tensegrity_interfaces) StdoutLine: {'line': b'[ 24%] \x1b[32mBuilding CXX object CMakeFiles/tensegrity_interfaces__rosidl_typesupport_cpp.dir/rosidl_typesupport_cpp/tensegrity_interfaces/msg/sensors_stamped__type_support.cpp.o\x1b[0m\n'}
[4.613425] (-) TimerEvent: {}
[4.713713] (-) TimerEvent: {}
[4.814022] (-) TimerEvent: {}
[4.914332] (-) TimerEvent: {}
[5.014643] (-) TimerEvent: {}
[5.060272] (tensegrity_interfaces) StdoutLine: {'line': b'[ 25%] \x1b[32mBuilding CXX object CMakeFiles/tensegrity_interfaces__rosidl_typesupport_cpp.dir/rosidl_typesupport_cpp/tensegrity_interfaces/msg/nodes_stamped__type_support.cpp.o\x1b[0m\n'}
[5.061431] (tensegrity_interfaces) StdoutLine: {'line': b'[ 25%] \x1b[32mBuilding CXX object CMakeFiles/tensegrity_interfaces__rosidl_typesupport_cpp.dir/rosidl_typesupport_cpp/tensegrity_interfaces/msg/imu_stamped__type_support.cpp.o\x1b[0m\n'}
[5.072491] (tensegrity_interfaces) StdoutLine: {'line': b'[ 26%] \x1b[32mBuilding CXX object CMakeFiles/tensegrity_interfaces__rosidl_typesupport_cpp.dir/rosidl_typesupport_cpp/tensegrity_interfaces/msg/stamped_index__type_support.cpp.o\x1b[0m\n'}
[5.072735] (tensegrity_interfaces) StdoutLine: {'line': b'[ 27%] \x1b[32mBuilding CXX object CMakeFiles/tensegrity_interfaces__rosidl_typesupport_cpp.dir/rosidl_typesupport_cpp/tensegrity_interfaces/msg/trajectory__type_support.cpp.o\x1b[0m\n'}
[5.089713] (tensegrity_interfaces) StdoutLine: {'line': b'[ 28%] \x1b[32mBuilding CXX object CMakeFiles/tensegrity_interfaces__rosidl_typesupport_cpp.dir/rosidl_typesupport_cpp/tensegrity_interfaces/msg/tensegrity_stamped__type_support.cpp.o\x1b[0m\n'}
[5.113242] (tensegrity_interfaces) StdoutLine: {'line': b'[ 28%] \x1b[32mBuilding CXX object CMakeFiles/tensegrity_interfaces__rosidl_typesupport_cpp.dir/rosidl_typesupport_cpp/tensegrity_interfaces/msg/state__type_support.cpp.o\x1b[0m\n'}
[5.114722] (-) TimerEvent: {}
[5.122711] (tensegrity_interfaces) StdoutLine: {'line': b'[ 28%] \x1b[32mBuilding CXX object CMakeFiles/tensegrity_interfaces__rosidl_typesupport_introspection_cpp.dir/rosidl_typesupport_introspection_cpp/tensegrity_interfaces/msg/detail/node__type_support.cpp.o\x1b[0m\n'}
[5.133798] (tensegrity_interfaces) StdoutLine: {'line': b'[ 28%] \x1b[32mBuilding CXX object CMakeFiles/tensegrity_interfaces__rosidl_typesupport_c.dir/rosidl_typesupport_c/tensegrity_interfaces/msg/node__type_support.cpp.o\x1b[0m\n'}
[5.142411] (tensegrity_interfaces) StdoutLine: {'line': b'[ 29%] \x1b[32mBuilding CXX object CMakeFiles/tensegrity_interfaces__rosidl_typesupport_introspection_cpp.dir/rosidl_typesupport_introspection_cpp/tensegrity_interfaces/msg/detail/motor__type_support.cpp.o\x1b[0m\n'}
[5.192745] (tensegrity_interfaces) StdoutLine: {'line': b'[ 30%] \x1b[32mBuilding CXX object CMakeFiles/tensegrity_interfaces__rosidl_typesupport_c.dir/rosidl_typesupport_c/tensegrity_interfaces/msg/motor__type_support.cpp.o\x1b[0m\n'}
[5.214834] (-) TimerEvent: {}
[5.251409] (tensegrity_interfaces) StdoutLine: {'line': b'[ 31%] \x1b[32mBuilding CXX object CMakeFiles/tensegrity_interfaces__rosidl_typesupport_c.dir/rosidl_typesupport_c/tensegrity_interfaces/msg/info__type_support.cpp.o\x1b[0m\n'}
[5.298551] (tensegrity_interfaces) StdoutLine: {'line': b'[ 31%] \x1b[32mBuilding CXX object CMakeFiles/tensegrity_interfaces__rosidl_typesupport_c.dir/rosidl_typesupport_c/tensegrity_interfaces/msg/sensor__type_support.cpp.o\x1b[0m\n'}
[5.314940] (-) TimerEvent: {}
[5.352657] (tensegrity_interfaces) StdoutLine: {'line': b'[ 32%] \x1b[32mBuilding CXX object CMakeFiles/tensegrity_interfaces__rosidl_typesupport_c.dir/rosidl_typesupport_c/tensegrity_interfaces/msg/imu__type_support.cpp.o\x1b[0m\n'}
[5.400224] (tensegrity_interfaces) StdoutLine: {'line': b'[ 33%] \x1b[32mBuilding CXX object CMakeFiles/tensegrity_interfaces__rosidl_typesupport_c.dir/rosidl_typesupport_c/tensegrity_interfaces/msg/motors_stamped__type_support.cpp.o\x1b[0m\n'}
[5.415050] (-) TimerEvent: {}
[5.460601] (tensegrity_interfaces) StdoutLine: {'line': b'[ 34%] \x1b[32mBuilding CXX object CMakeFiles/tensegrity_interfaces__rosidl_typesupport_c.dir/rosidl_typesupport_c/tensegrity_interfaces/msg/sensors_stamped__type_support.cpp.o\x1b[0m\n'}
[5.509421] (tensegrity_interfaces) StdoutLine: {'line': b'[ 34%] \x1b[32mBuilding CXX object CMakeFiles/tensegrity_interfaces__rosidl_typesupport_c.dir/rosidl_typesupport_c/tensegrity_interfaces/msg/imu_stamped__type_support.cpp.o\x1b[0m\n'}
[5.515169] (-) TimerEvent: {}
[5.517163] (tensegrity_interfaces) StdoutLine: {'line': b'[ 35%] \x1b[32mBuilding CXX object CMakeFiles/tensegrity_interfaces__rosidl_typesupport_introspection_cpp.dir/rosidl_typesupport_introspection_cpp/tensegrity_interfaces/msg/detail/info__type_support.cpp.o\x1b[0m\n'}
[5.518479] (tensegrity_interfaces) StdoutLine: {'line': b'[ 36%] \x1b[32mBuilding CXX object CMakeFiles/tensegrity_interfaces__rosidl_typesupport_c.dir/rosidl_typesupport_c/tensegrity_interfaces/msg/nodes_stamped__type_support.cpp.o\x1b[0m\n'}
[5.523592] (tensegrity_interfaces) StdoutLine: {'line': b'[ 36%] \x1b[32mBuilding CXX object CMakeFiles/tensegrity_interfaces__rosidl_typesupport_fastrtps_cpp.dir/rosidl_typesupport_fastrtps_cpp/tensegrity_interfaces/msg/detail/dds_fastrtps/node__type_support.cpp.o\x1b[0m\n'}
[5.538995] (tensegrity_interfaces) StdoutLine: {'line': b'[ 37%] \x1b[32mBuilding CXX object CMakeFiles/tensegrity_interfaces__rosidl_typesupport_introspection_cpp.dir/rosidl_typesupport_introspection_cpp/tensegrity_interfaces/msg/detail/sensor__type_support.cpp.o\x1b[0m\n'}
[5.547520] (tensegrity_interfaces) StdoutLine: {'line': b'[ 38%] \x1b[32mBuilding CXX object CMakeFiles/tensegrity_interfaces__rosidl_typesupport_cpp.dir/rosidl_typesupport_cpp/tensegrity_interfaces/msg/action__type_support.cpp.o\x1b[0m\n'}
[5.555460] (tensegrity_interfaces) StdoutLine: {'line': b'[ 38%] \x1b[32mBuilding CXX object CMakeFiles/tensegrity_interfaces__rosidl_typesupport_introspection_cpp.dir/rosidl_typesupport_introspection_cpp/tensegrity_interfaces/msg/detail/imu__type_support.cpp.o\x1b[0m\n'}
[5.568059] (tensegrity_interfaces) StdoutLine: {'line': b'[ 40%] \x1b[32mBuilding CXX object CMakeFiles/tensegrity_interfaces__rosidl_typesupport_fastrtps_cpp.dir/rosidl_typesupport_fastrtps_cpp/tensegrity_interfaces/msg/detail/dds_fastrtps/motor__type_support.cpp.o\x1b[0m\n'}
[5.568317] (tensegrity_interfaces) StdoutLine: {'line': b'[ 40%] \x1b[32mBuilding CXX object CMakeFiles/tensegrity_interfaces__rosidl_typesupport_c.dir/rosidl_typesupport_c/tensegrity_interfaces/msg/stamped_index__type_support.cpp.o\x1b[0m\n'}
[5.573466] (tensegrity_interfaces) StdoutLine: {'line': b'[ 41%] \x1b[32mBuilding CXX object CMakeFiles/tensegrity_interfaces__rosidl_typesupport_fastrtps_cpp.dir/rosidl_typesupport_fastrtps_cpp/tensegrity_interfaces/msg/detail/dds_fastrtps/info__type_support.cpp.o\x1b[0m\n'}
[5.616446] (tensegrity_interfaces) StdoutLine: {'line': b'[ 42%] \x1b[32mBuilding CXX object CMakeFiles/tensegrity_interfaces__rosidl_typesupport_c.dir/rosidl_typesupport_c/tensegrity_interfaces/msg/trajectory__type_support.cpp.o\x1b[0m\n'}
[5.616704] (-) TimerEvent: {}
[5.657716] (tensegrity_interfaces) StdoutLine: {'line': b'[ 42%] \x1b[32mBuilding C object CMakeFiles/tensegrity_interfaces__rosidl_typesupport_introspection_c.dir/rosidl_typesupport_introspection_c/tensegrity_interfaces/msg/detail/node__type_support.c.o\x1b[0m\n'}
[5.658004] (tensegrity_interfaces) StdoutLine: {'line': b'[ 42%] \x1b[32mBuilding CXX object CMakeFiles/tensegrity_interfaces__rosidl_typesupport_c.dir/rosidl_typesupport_c/tensegrity_interfaces/msg/tensegrity_stamped__type_support.cpp.o\x1b[0m\n'}
[5.705534] (tensegrity_interfaces) StdoutLine: {'line': b'[ 43%] \x1b[32mBuilding C object CMakeFiles/tensegrity_interfaces__rosidl_typesupport_introspection_c.dir/rosidl_typesupport_introspection_c/tensegrity_interfaces/msg/detail/motor__type_support.c.o\x1b[0m\n'}
[5.709081] (tensegrity_interfaces) StdoutLine: {'line': b'[ 44%] \x1b[32mBuilding CXX object CMakeFiles/tensegrity_interfaces__rosidl_typesupport_c.dir/rosidl_typesupport_c/tensegrity_interfaces/msg/state__type_support.cpp.o\x1b[0m\n'}
[5.716831] (-) TimerEvent: {}
[5.755299] (tensegrity_interfaces) StdoutLine: {'line': b'[ 45%] \x1b[32mBuilding C object CMakeFiles/tensegrity_interfaces__rosidl_typesupport_introspection_c.dir/rosidl_typesupport_introspection_c/tensegrity_interfaces/msg/detail/info__type_support.c.o\x1b[0m\n'}
[5.756220] (tensegrity_interfaces) StdoutLine: {'line': b'[ 46%] \x1b[32mBuilding CXX object CMakeFiles/tensegrity_interfaces__rosidl_typesupport_c.dir/rosidl_typesupport_c/tensegrity_interfaces/msg/action__type_support.cpp.o\x1b[0m\n'}
[5.784007] (tensegrity_interfaces) StdoutLine: {'line': b'[ 47%] \x1b[32mBuilding CXX object CMakeFiles/tensegrity_interfaces__rosidl_typesupport_fastrtps_cpp.dir/rosidl_typesupport_fastrtps_cpp/tensegrity_interfaces/msg/detail/dds_fastrtps/sensor__type_support.cpp.o\x1b[0m\n'}
[5.785850] (tensegrity_interfaces) StdoutLine: {'line': b'[ 47%] \x1b[32mBuilding C object CMakeFiles/tensegrity_interfaces__rosidl_typesupport_introspection_c.dir/rosidl_typesupport_introspection_c/tensegrity_interfaces/msg/detail/sensor__type_support.c.o\x1b[0m\n'}
[5.806137] (tensegrity_interfaces) StdoutLine: {'line': b'[ 48%] \x1b[32m\x1b[1mLinking CXX shared library libtensegrity_interfaces__rosidl_typesupport_c.so\x1b[0m\n'}
[5.812415] (tensegrity_interfaces) StdoutLine: {'line': b'[ 49%] \x1b[32mBuilding CXX object CMakeFiles/tensegrity_interfaces__rosidl_typesupport_introspection_cpp.dir/rosidl_typesupport_introspection_cpp/tensegrity_interfaces/msg/detail/motors_stamped__type_support.cpp.o\x1b[0m\n'}
[5.816941] (-) TimerEvent: {}
[5.841909] (tensegrity_interfaces) StdoutLine: {'line': b'[ 50%] \x1b[32mBuilding C object CMakeFiles/tensegrity_interfaces__rosidl_typesupport_introspection_c.dir/rosidl_typesupport_introspection_c/tensegrity_interfaces/msg/detail/imu__type_support.c.o\x1b[0m\n'}
[5.844560] (tensegrity_interfaces) StdoutLine: {'line': b'[ 50%] \x1b[32mBuilding CXX object CMakeFiles/tensegrity_interfaces__rosidl_typesupport_fastrtps_c.dir/rosidl_typesupport_fastrtps_c/tensegrity_interfaces/msg/detail/node__type_support_c.cpp.o\x1b[0m\n'}
[5.880619] (tensegrity_interfaces) StdoutLine: {'line': b'[ 50%] Built target tensegrity_interfaces__rosidl_typesupport_c\n'}
[5.894037] (tensegrity_interfaces) StdoutLine: {'line': b'[ 51%] \x1b[32mBuilding CXX object CMakeFiles/tensegrity_interfaces__rosidl_typesupport_introspection_cpp.dir/rosidl_typesupport_introspection_cpp/tensegrity_interfaces/msg/detail/sensors_stamped__type_support.cpp.o\x1b[0m\n'}
[5.895713] (tensegrity_interfaces) StdoutLine: {'line': b'[ 52%] \x1b[32mBuilding C object CMakeFiles/tensegrity_interfaces__rosidl_typesupport_introspection_c.dir/rosidl_typesupport_introspection_c/tensegrity_interfaces/msg/detail/motors_stamped__type_support.c.o\x1b[0m\n'}
[5.917053] (-) TimerEvent: {}
[5.958696] (tensegrity_interfaces) StdoutLine: {'line': b'[ 53%] \x1b[32mBuilding C object CMakeFiles/tensegrity_interfaces__rosidl_typesupport_introspection_c.dir/rosidl_typesupport_introspection_c/tensegrity_interfaces/msg/detail/sensors_stamped__type_support.c.o\x1b[0m\n'}
[6.017168] (-) TimerEvent: {}
[6.020409] (tensegrity_interfaces) StdoutLine: {'line': b'[ 53%] \x1b[32mBuilding C object CMakeFiles/tensegrity_interfaces__rosidl_typesupport_introspection_c.dir/rosidl_typesupport_introspection_c/tensegrity_interfaces/msg/detail/imu_stamped__type_support.c.o\x1b[0m\n'}
[6.039899] (tensegrity_interfaces) StdoutLine: {'line': b'[ 54%] \x1b[32m\x1b[1mLinking CXX shared library libtensegrity_interfaces__rosidl_typesupport_cpp.so\x1b[0m\n'}
[6.085548] (tensegrity_interfaces) StdoutLine: {'line': b'[ 55%] \x1b[32mBuilding C object CMakeFiles/tensegrity_interfaces__rosidl_typesupport_introspection_c.dir/rosidl_typesupport_introspection_c/tensegrity_interfaces/msg/detail/nodes_stamped__type_support.c.o\x1b[0m\n'}
[6.108600] (tensegrity_interfaces) StdoutLine: {'line': b'[ 55%] Built target tensegrity_interfaces__rosidl_typesupport_cpp\n'}
[6.117281] (-) TimerEvent: {}
[6.121713] (tensegrity_interfaces) StdoutLine: {'line': b'[ 55%] \x1b[32mBuilding CXX object CMakeFiles/tensegrity_interfaces__rosidl_typesupport_fastrtps_cpp.dir/rosidl_typesupport_fastrtps_cpp/tensegrity_interfaces/msg/detail/dds_fastrtps/imu__type_support.cpp.o\x1b[0m\n'}
[6.161839] (tensegrity_interfaces) StdoutLine: {'line': b'[ 56%] \x1b[32mBuilding C object CMakeFiles/tensegrity_interfaces__rosidl_typesupport_introspection_c.dir/rosidl_typesupport_introspection_c/tensegrity_interfaces/msg/detail/stamped_index__type_support.c.o\x1b[0m\n'}
[6.182166] (tensegrity_interfaces) StdoutLine: {'line': b'[ 57%] \x1b[32mBuilding CXX object CMakeFiles/tensegrity_interfaces__rosidl_typesupport_fastrtps_c.dir/rosidl_typesupport_fastrtps_c/tensegrity_interfaces/msg/detail/motor__type_support_c.cpp.o\x1b[0m\n'}
[6.187474] (tensegrity_interfaces) StdoutLine: {'line': b'[ 58%] \x1b[32mBuilding CXX object CMakeFiles/tensegrity_interfaces__rosidl_typesupport_fastrtps_c.dir/rosidl_typesupport_fastrtps_c/tensegrity_interfaces/msg/detail/info__type_support_c.cpp.o\x1b[0m\n'}
[6.213423] (tensegrity_interfaces) StdoutLine: {'line': b'[ 59%] \x1b[32mBuilding C object CMakeFiles/tensegrity_interfaces__rosidl_typesupport_introspection_c.dir/rosidl_typesupport_introspection_c/tensegrity_interfaces/msg/detail/trajectory__type_support.c.o\x1b[0m\n'}
[6.217420] (tensegrity_interfaces) StdoutLine: {'line': b'[ 59%] \x1b[32mBuilding CXX object CMakeFiles/tensegrity_interfaces__rosidl_typesupport_fastrtps_c.dir/rosidl_typesupport_fastrtps_c/tensegrity_interfaces/msg/detail/sensor__type_support_c.cpp.o\x1b[0m\n'}
[6.217654] (-) TimerEvent: {}
[6.221125] (tensegrity_interfaces) StdoutLine: {'line': b'[ 60%] \x1b[32mBuilding CXX object CMakeFiles/tensegrity_interfaces__rosidl_typesupport_fastrtps_cpp.dir/rosidl_typesupport_fastrtps_cpp/tensegrity_interfaces/msg/detail/dds_fastrtps/motors_stamped__type_support.cpp.o\x1b[0m\n'}
[6.255049] (tensegrity_interfaces) StdoutLine: {'line': b'[ 60%] \x1b[32mBuilding C object CMakeFiles/tensegrity_interfaces__rosidl_typesupport_introspection_c.dir/rosidl_typesupport_introspection_c/tensegrity_interfaces/msg/detail/tensegrity_stamped__type_support.c.o\x1b[0m\n'}
[6.278660] (tensegrity_interfaces) StdoutLine: {'line': b'[ 61%] \x1b[32mBuilding CXX object CMakeFiles/tensegrity_interfaces__rosidl_typesupport_fastrtps_c.dir/rosidl_typesupport_fastrtps_c/tensegrity_interfaces/msg/detail/imu__type_support_c.cpp.o\x1b[0m\n'}
[6.278913] (tensegrity_interfaces) StdoutLine: {'line': b'[ 62%] \x1b[32mBuilding CXX object CMakeFiles/tensegrity_interfaces__rosidl_typesupport_introspection_cpp.dir/rosidl_typesupport_introspection_cpp/tensegrity_interfaces/msg/detail/imu_stamped__type_support.cpp.o\x1b[0m\n'}
[6.318774] (-) TimerEvent: {}
[6.344113] (tensegrity_interfaces) StdoutLine: {'line': b'[ 63%] \x1b[32mBuilding C object CMakeFiles/tensegrity_interfaces__rosidl_typesupport_introspection_c.dir/rosidl_typesupport_introspection_c/tensegrity_interfaces/msg/detail/state__type_support.c.o\x1b[0m\n'}
[6.404492] (tensegrity_interfaces) StdoutLine: {'line': b'[ 64%] \x1b[32mBuilding C object CMakeFiles/tensegrity_interfaces__rosidl_typesupport_introspection_c.dir/rosidl_typesupport_introspection_c/tensegrity_interfaces/msg/detail/action__type_support.c.o\x1b[0m\n'}
[6.420425] (-) TimerEvent: {}
[6.450316] (tensegrity_interfaces) StdoutLine: {'line': b'[ 64%] \x1b[32mBuilding CXX object CMakeFiles/tensegrity_interfaces__rosidl_typesupport_introspection_cpp.dir/rosidl_typesupport_introspection_cpp/tensegrity_interfaces/msg/detail/nodes_stamped__type_support.cpp.o\x1b[0m\n'}
[6.459086] (tensegrity_interfaces) StdoutLine: {'line': b'[ 65%] \x1b[32mBuilding CXX object CMakeFiles/tensegrity_interfaces__rosidl_typesupport_introspection_cpp.dir/rosidl_typesupport_introspection_cpp/tensegrity_interfaces/msg/detail/stamped_index__type_support.cpp.o\x1b[0m\n'}
[6.487130] (tensegrity_interfaces) StdoutLine: {'line': b'[ 66%] \x1b[32m\x1b[1mLinking C shared library libtensegrity_interfaces__rosidl_typesupport_introspection_c.so\x1b[0m\n'}
[6.520536] (-) TimerEvent: {}
[6.536425] (tensegrity_interfaces) StdoutLine: {'line': b'[ 67%] \x1b[32mBuilding CXX object CMakeFiles/tensegrity_interfaces__rosidl_typesupport_fastrtps_c.dir/rosidl_typesupport_fastrtps_c/tensegrity_interfaces/msg/detail/motors_stamped__type_support_c.cpp.o\x1b[0m\n'}
[6.542096] (tensegrity_interfaces) StdoutLine: {'line': b'[ 67%] Built target tensegrity_interfaces__rosidl_typesupport_introspection_c\n'}
[6.555296] (tensegrity_interfaces) StdoutLine: {'line': b'[ 68%] \x1b[32mBuilding CXX object CMakeFiles/tensegrity_interfaces__rosidl_typesupport_fastrtps_c.dir/rosidl_typesupport_fastrtps_c/tensegrity_interfaces/msg/detail/sensors_stamped__type_support_c.cpp.o\x1b[0m\n'}
[6.620649] (-) TimerEvent: {}
[6.669490] (tensegrity_interfaces) StdoutLine: {'line': b'[ 68%] \x1b[32mBuilding CXX object CMakeFiles/tensegrity_interfaces__rosidl_typesupport_fastrtps_c.dir/rosidl_typesupport_fastrtps_c/tensegrity_interfaces/msg/detail/imu_stamped__type_support_c.cpp.o\x1b[0m\n'}
[6.720764] (-) TimerEvent: {}
[6.773873] (tensegrity_interfaces) StdoutLine: {'line': b'[ 69%] \x1b[32mBuilding CXX object CMakeFiles/tensegrity_interfaces__rosidl_typesupport_fastrtps_c.dir/rosidl_typesupport_fastrtps_c/tensegrity_interfaces/msg/detail/nodes_stamped__type_support_c.cpp.o\x1b[0m\n'}
[6.787416] (tensegrity_interfaces) StdoutLine: {'line': b'[ 70%] \x1b[32mBuilding CXX object CMakeFiles/tensegrity_interfaces__rosidl_typesupport_fastrtps_cpp.dir/rosidl_typesupport_fastrtps_cpp/tensegrity_interfaces/msg/detail/dds_fastrtps/sensors_stamped__type_support.cpp.o\x1b[0m\n'}
[6.799685] (tensegrity_interfaces) StdoutLine: {'line': b'[ 71%] \x1b[32mBuilding CXX object CMakeFiles/tensegrity_interfaces__rosidl_typesupport_fastrtps_c.dir/rosidl_typesupport_fastrtps_c/tensegrity_interfaces/msg/detail/stamped_index__type_support_c.cpp.o\x1b[0m\n'}
[6.802302] (tensegrity_interfaces) StdoutLine: {'line': b'[ 72%] \x1b[32mBuilding CXX object CMakeFiles/tensegrity_interfaces__rosidl_typesupport_introspection_cpp.dir/rosidl_typesupport_introspection_cpp/tensegrity_interfaces/msg/detail/trajectory__type_support.cpp.o\x1b[0m\n'}
[6.820873] (-) TimerEvent: {}
[6.873813] (tensegrity_interfaces) StdoutLine: {'line': b'[ 73%] \x1b[32mBuilding CXX object CMakeFiles/tensegrity_interfaces__rosidl_typesupport_fastrtps_cpp.dir/rosidl_typesupport_fastrtps_cpp/tensegrity_interfaces/msg/detail/dds_fastrtps/imu_stamped__type_support.cpp.o\x1b[0m\n'}
[6.920993] (-) TimerEvent: {}
[7.003275] (tensegrity_interfaces) StdoutLine: {'line': b'[ 74%] \x1b[32mBuilding CXX object CMakeFiles/tensegrity_interfaces__rosidl_typesupport_fastrtps_c.dir/rosidl_typesupport_fastrtps_c/tensegrity_interfaces/msg/detail/trajectory__type_support_c.cpp.o\x1b[0m\n'}
[7.013368] (tensegrity_interfaces) StdoutLine: {'line': b'[ 74%] \x1b[32mBuilding CXX object CMakeFiles/tensegrity_interfaces__rosidl_typesupport_fastrtps_c.dir/rosidl_typesupport_fastrtps_c/tensegrity_interfaces/msg/detail/tensegrity_stamped__type_support_c.cpp.o\x1b[0m\n'}
[7.023425] (-) TimerEvent: {}
[7.119396] (tensegrity_interfaces) StdoutLine: {'line': b'[ 75%] \x1b[32mBuilding CXX object CMakeFiles/tensegrity_interfaces__rosidl_typesupport_introspection_cpp.dir/rosidl_typesupport_introspection_cpp/tensegrity_interfaces/msg/detail/tensegrity_stamped__type_support.cpp.o\x1b[0m\n'}
[7.122986] (tensegrity_interfaces) StdoutLine: {'line': b'[ 75%] \x1b[32mBuilding CXX object CMakeFiles/tensegrity_interfaces__rosidl_typesupport_fastrtps_cpp.dir/rosidl_typesupport_fastrtps_cpp/tensegrity_interfaces/msg/detail/dds_fastrtps/nodes_stamped__type_support.cpp.o\x1b[0m\n'}
[7.123496] (-) TimerEvent: {}
[7.134554] (tensegrity_interfaces) StdoutLine: {'line': b'[ 76%] \x1b[32mBuilding CXX object CMakeFiles/tensegrity_interfaces__rosidl_typesupport_fastrtps_cpp.dir/rosidl_typesupport_fastrtps_cpp/tensegrity_interfaces/msg/detail/dds_fastrtps/stamped_index__type_support.cpp.o\x1b[0m\n'}
[7.226428] (-) TimerEvent: {}
[7.279490] (tensegrity_interfaces) StdoutLine: {'line': b'[ 77%] \x1b[32mBuilding CXX object CMakeFiles/tensegrity_interfaces__rosidl_typesupport_fastrtps_cpp.dir/rosidl_typesupport_fastrtps_cpp/tensegrity_interfaces/msg/detail/dds_fastrtps/trajectory__type_support.cpp.o\x1b[0m\n'}
[7.279755] (tensegrity_interfaces) StdoutLine: {'line': b'[ 78%] \x1b[32mBuilding CXX object CMakeFiles/tensegrity_interfaces__rosidl_typesupport_fastrtps_cpp.dir/rosidl_typesupport_fastrtps_cpp/tensegrity_interfaces/msg/detail/dds_fastrtps/tensegrity_stamped__type_support.cpp.o\x1b[0m\n'}
[7.326540] (-) TimerEvent: {}
[7.389440] (tensegrity_interfaces) StdoutLine: {'line': b'[ 78%] \x1b[32mBuilding CXX object CMakeFiles/tensegrity_interfaces__rosidl_typesupport_fastrtps_cpp.dir/rosidl_typesupport_fastrtps_cpp/tensegrity_interfaces/msg/detail/dds_fastrtps/state__type_support.cpp.o\x1b[0m\n'}
[7.412001] (tensegrity_interfaces) StdoutLine: {'line': b'[ 78%] \x1b[32mBuilding CXX object CMakeFiles/tensegrity_interfaces__rosidl_typesupport_introspection_cpp.dir/rosidl_typesupport_introspection_cpp/tensegrity_interfaces/msg/detail/state__type_support.cpp.o\x1b[0m\n'}
[7.426655] (-) TimerEvent: {}
[7.520845] (tensegrity_interfaces) StdoutLine: {'line': b'[ 79%] \x1b[32mBuilding CXX object CMakeFiles/tensegrity_interfaces__rosidl_typesupport_fastrtps_c.dir/rosidl_typesupport_fastrtps_c/tensegrity_interfaces/msg/detail/state__type_support_c.cpp.o\x1b[0m\n'}
[7.526773] (-) TimerEvent: {}
[7.528519] (tensegrity_interfaces) StdoutLine: {'line': b'[ 80%] \x1b[32mBuilding CXX object CMakeFiles/tensegrity_interfaces__rosidl_typesupport_fastrtps_c.dir/rosidl_typesupport_fastrtps_c/tensegrity_interfaces/msg/detail/action__type_support_c.cpp.o\x1b[0m\n'}
[7.614892] (tensegrity_interfaces) StdoutLine: {'line': b'[ 81%] \x1b[32mBuilding CXX object CMakeFiles/tensegrity_interfaces__rosidl_typesupport_introspection_cpp.dir/rosidl_typesupport_introspection_cpp/tensegrity_interfaces/msg/detail/action__type_support.cpp.o\x1b[0m\n'}
[7.615219] (tensegrity_interfaces) StdoutLine: {'line': b'[ 82%] \x1b[32mBuilding CXX object CMakeFiles/tensegrity_interfaces__rosidl_typesupport_fastrtps_cpp.dir/rosidl_typesupport_fastrtps_cpp/tensegrity_interfaces/msg/detail/dds_fastrtps/action__type_support.cpp.o\x1b[0m\n'}
[7.626892] (-) TimerEvent: {}
[7.727265] (-) TimerEvent: {}
[7.827696] (-) TimerEvent: {}
[7.928427] (-) TimerEvent: {}
[8.028789] (-) TimerEvent: {}
[8.112232] (tensegrity_interfaces) StdoutLine: {'line': b'[ 83%] \x1b[32m\x1b[1mLinking CXX shared library libtensegrity_interfaces__rosidl_typesupport_fastrtps_c.so\x1b[0m\n'}
[8.128876] (-) TimerEvent: {}
[8.199113] (tensegrity_interfaces) StdoutLine: {'line': b'[ 83%] Built target tensegrity_interfaces__rosidl_typesupport_fastrtps_c\n'}
[8.204496] (tensegrity_interfaces) StdoutLine: {'line': b'[ 84%] \x1b[32m\x1b[1mLinking CXX shared library libtensegrity_interfaces__rosidl_typesupport_fastrtps_cpp.so\x1b[0m\n'}
[8.228995] (-) TimerEvent: {}
[8.290503] (tensegrity_interfaces) StdoutLine: {'line': b'[ 85%] \x1b[32m\x1b[1mLinking CXX shared library libtensegrity_interfaces__rosidl_typesupport_introspection_cpp.so\x1b[0m\n'}
[8.300286] (tensegrity_interfaces) StdoutLine: {'line': b'[ 85%] Built target tensegrity_interfaces__rosidl_typesupport_fastrtps_cpp\n'}
[8.329165] (-) TimerEvent: {}
[8.374144] (tensegrity_interfaces) StdoutLine: {'line': b'[ 85%] Built target tensegrity_interfaces__rosidl_typesupport_introspection_cpp\n'}
[8.395557] (tensegrity_interfaces) StdoutLine: {'line': b'[ 85%] Built target tensegrity_interfaces\n'}
[8.418249] (tensegrity_interfaces) StdoutLine: {'line': b'[ 86%] \x1b[34m\x1b[1mGenerating Python code for ROS interfaces\x1b[0m\n'}
[8.429295] (-) TimerEvent: {}
[8.529688] (-) TimerEvent: {}
[8.630113] (-) TimerEvent: {}
[8.730556] (-) TimerEvent: {}
[8.830977] (-) TimerEvent: {}
[8.931432] (-) TimerEvent: {}
[9.031849] (-) TimerEvent: {}
[9.132271] (-) TimerEvent: {}
[9.232716] (-) TimerEvent: {}
[9.333134] (-) TimerEvent: {}
[9.433596] (-) TimerEvent: {}
[9.533982] (-) TimerEvent: {}
[9.634400] (-) TimerEvent: {}
[9.734835] (-) TimerEvent: {}
[9.835262] (-) TimerEvent: {}
[9.935733] (-) TimerEvent: {}
[10.036161] (-) TimerEvent: {}
[10.136616] (-) TimerEvent: {}
[10.237034] (-) TimerEvent: {}
[10.330781] (tensegrity_interfaces) StdoutLine: {'line': b'[ 86%] Built target tensegrity_interfaces__py\n'}
[10.337123] (-) TimerEvent: {}
[10.355596] (tensegrity_interfaces) StdoutLine: {'line': b'[ 87%] \x1b[32mBuilding C object CMakeFiles/tensegrity_interfaces__rosidl_generator_py.dir/rosidl_generator_py/tensegrity_interfaces/msg/_sensor_s.c.o\x1b[0m\n'}
[10.356067] (tensegrity_interfaces) StdoutLine: {'line': b'[ 87%] \x1b[32mBuilding C object CMakeFiles/tensegrity_interfaces__rosidl_generator_py.dir/rosidl_generator_py/tensegrity_interfaces/msg/_imu_s.c.o\x1b[0m\n'}
[10.356235] (tensegrity_interfaces) StdoutLine: {'line': b'[ 87%] \x1b[32mBuilding C object CMakeFiles/tensegrity_interfaces__rosidl_generator_py.dir/rosidl_generator_py/tensegrity_interfaces/msg/_node_s.c.o\x1b[0m\n'}
[10.356431] (tensegrity_interfaces) StdoutLine: {'line': b'[ 88%] \x1b[32mBuilding C object CMakeFiles/tensegrity_interfaces__rosidl_generator_py.dir/rosidl_generator_py/tensegrity_interfaces/msg/_info_s.c.o\x1b[0m\n'}
[10.356576] (tensegrity_interfaces) StdoutLine: {'line': b'[ 89%] \x1b[32mBuilding C object CMakeFiles/tensegrity_interfaces__rosidl_generator_py.dir/rosidl_generator_py/tensegrity_interfaces/msg/_sensors_stamped_s.c.o\x1b[0m\n'}
[10.356697] (tensegrity_interfaces) StdoutLine: {'line': b'[ 90%] \x1b[32mBuilding C object CMakeFiles/tensegrity_interfaces__rosidl_generator_py.dir/rosidl_generator_py/tensegrity_interfaces/msg/_motors_stamped_s.c.o\x1b[0m\n'}
[10.356925] (tensegrity_interfaces) StdoutLine: {'line': b'[ 90%] \x1b[32mBuilding C object CMakeFiles/tensegrity_interfaces__rosidl_generator_py.dir/rosidl_generator_py/tensegrity_interfaces/msg/_nodes_stamped_s.c.o\x1b[0m\n'}
[10.357057] (tensegrity_interfaces) StdoutLine: {'line': b'[ 91%] \x1b[32mBuilding C object CMakeFiles/tensegrity_interfaces__rosidl_generator_py.dir/rosidl_generator_py/tensegrity_interfaces/msg/_imu_stamped_s.c.o\x1b[0m\n'}
[10.357183] (tensegrity_interfaces) StdoutLine: {'line': b'[ 92%] \x1b[32mBuilding C object CMakeFiles/tensegrity_interfaces__rosidl_generator_py.dir/rosidl_generator_py/tensegrity_interfaces/msg/_motor_s.c.o\x1b[0m\n'}
[10.357305] (tensegrity_interfaces) StdoutLine: {'line': b'[ 93%] \x1b[32mBuilding C object CMakeFiles/tensegrity_interfaces__rosidl_generator_py.dir/rosidl_generator_py/tensegrity_interfaces/msg/_stamped_index_s.c.o\x1b[0m\n'}
[10.359945] (tensegrity_interfaces) StdoutLine: {'line': b'[ 95%] \x1b[32mBuilding C object CMakeFiles/tensegrity_interfaces__rosidl_generator_py.dir/rosidl_generator_py/tensegrity_interfaces/msg/_tensegrity_stamped_s.c.o\x1b[0m\n'}
[10.360150] (tensegrity_interfaces) StdoutLine: {'line': b'[ 95%] \x1b[32mBuilding C object CMakeFiles/tensegrity_interfaces__rosidl_generator_py.dir/rosidl_generator_py/tensegrity_interfaces/msg/_trajectory_s.c.o\x1b[0m\n'}
[10.437254] (-) TimerEvent: {}
[10.531995] (tensegrity_interfaces) StdoutLine: {'line': b'[ 96%] \x1b[32mBuilding C object CMakeFiles/tensegrity_interfaces__rosidl_generator_py.dir/rosidl_generator_py/tensegrity_interfaces/msg/_state_s.c.o\x1b[0m\n'}
[10.532171] (tensegrity_interfaces) StdoutLine: {'line': b'[ 96%] \x1b[32mBuilding C object CMakeFiles/tensegrity_interfaces__rosidl_generator_py.dir/rosidl_generator_py/tensegrity_interfaces/msg/_action_s.c.o\x1b[0m\n'}
[10.537370] (-) TimerEvent: {}
[10.637697] (-) TimerEvent: {}
[10.649424] (tensegrity_interfaces) StdoutLine: {'line': b'[ 97%] \x1b[32m\x1b[1mLinking C shared library rosidl_generator_py/tensegrity_interfaces/libtensegrity_interfaces__rosidl_generator_py.so\x1b[0m\n'}
[10.708557] (tensegrity_interfaces) StdoutLine: {'line': b'[ 97%] Built target tensegrity_interfaces__rosidl_generator_py\n'}
[10.731093] (tensegrity_interfaces) StdoutLine: {'line': b'[ 97%] \x1b[32mBuilding C object CMakeFiles/tensegrity_interfaces__rosidl_typesupport_c__pyext.dir/rosidl_generator_py/tensegrity_interfaces/_tensegrity_interfaces_s.ep.rosidl_typesupport_c.c.o\x1b[0m\n'}
[10.731939] (tensegrity_interfaces) StdoutLine: {'line': b'[ 97%] \x1b[32mBuilding C object CMakeFiles/tensegrity_interfaces__rosidl_typesupport_fastrtps_c__pyext.dir/rosidl_generator_py/tensegrity_interfaces/_tensegrity_interfaces_s.ep.rosidl_typesupport_fastrtps_c.c.o\x1b[0m\n'}
[10.732101] (tensegrity_interfaces) StdoutLine: {'line': b'[ 97%] \x1b[32mBuilding C object CMakeFiles/tensegrity_interfaces__rosidl_typesupport_introspection_c__pyext.dir/rosidl_generator_py/tensegrity_interfaces/_tensegrity_interfaces_s.ep.rosidl_typesupport_introspection_c.c.o\x1b[0m\n'}
[10.737794] (-) TimerEvent: {}
[10.838097] (-) TimerEvent: {}
[10.877861] (tensegrity_interfaces) StdoutLine: {'line': b'[ 98%] \x1b[32m\x1b[1mLinking C shared library rosidl_generator_py/tensegrity_interfaces/tensegrity_interfaces_s__rosidl_typesupport_fastrtps_c.cpython-310-x86_64-linux-gnu.so\x1b[0m\n'}
[10.880695] (tensegrity_interfaces) StdoutLine: {'line': b'[ 99%] \x1b[32m\x1b[1mLinking C shared library rosidl_generator_py/tensegrity_interfaces/tensegrity_interfaces_s__rosidl_typesupport_introspection_c.cpython-310-x86_64-linux-gnu.so\x1b[0m\n'}
[10.884351] (tensegrity_interfaces) StdoutLine: {'line': b'[100%] \x1b[32m\x1b[1mLinking C shared library rosidl_generator_py/tensegrity_interfaces/tensegrity_interfaces_s__rosidl_typesupport_c.cpython-310-x86_64-linux-gnu.so\x1b[0m\n'}
[10.920882] (tensegrity_interfaces) StdoutLine: {'line': b'[100%] Built target tensegrity_interfaces__rosidl_typesupport_introspection_c__pyext\n'}
[10.921212] (tensegrity_interfaces) StdoutLine: {'line': b'[100%] Built target tensegrity_interfaces__rosidl_typesupport_fastrtps_c__pyext\n'}
[10.931595] (tensegrity_interfaces) StdoutLine: {'line': b'[100%] Built target tensegrity_interfaces__rosidl_typesupport_c__pyext\n'}
[10.938220] (-) TimerEvent: {}
[10.943140] (tensegrity_interfaces) CommandEnded: {'returncode': 0}
[10.943896] (tensegrity_interfaces) JobProgress: {'identifier': 'tensegrity_interfaces', 'progress': 'install'}
[10.952643] (tensegrity_interfaces) Command: {'cmd': ['/usr/bin/cmake', '--install', '/home/pracsys/Desktop/tensegrity/ros2_ws/src/build/tensegrity_interfaces'], 'cwd': '/home/pracsys/Desktop/tensegrity/ros2_ws/src/build/tensegrity_interfaces', 'env': OrderedDict([('GJS_DEBUG_TOPICS', 'JS ERROR;JS LOG'), ('LESSOPEN', '| /usr/bin/lesspipe %s'), ('USER', 'pracsys'), ('ROS_PACKAGE_PATH', '/home/pracsys/ros-install/noetic/install_isolated/share'), ('XDG_SESSION_TYPE', 'x11'), ('GIT_ASKPASS', '/usr/share/code/resources/app/extensions/git/dist/askpass.sh'), ('ROS_ETC_DIR', '/home/pracsys/ros-install/noetic/install_isolated/etc/ros'), ('SHLVL', '1'), ('LD_LIBRARY_PATH', '/opt/ros/humble/lib/x86_64-linux-gnu:/opt/ros/humble/lib:/home/pracsys/ros-install/noetic/install_isolated/lib'), ('HOME', '/home/pracsys'), ('CHROME_DESKTOP', 'code.desktop'), ('CONDA_SHLVL', '0'), ('OLDPWD', '/home/pracsys/Desktop/tensegrity/ros2_ws/src/tensegrity_planning'), ('TERM_PROGRAM_VERSION', '1.109.0'), ('DESKTOP_SESSION', 'ubuntu'), ('GIO_LAUNCHED_DESKTOP_FILE', '/usr/share/applications/code.desktop'), ('ROS_PYTHON_VERSION', '3'), ('GNOME_SHELL_SESSION_MODE', 'ubuntu'), ('GTK_MODULES', 'gail:atk-bridge'), ('VSCODE_GIT_ASKPASS_MAIN', '/usr/share/code/resources/app/extensions/git/dist/askpass-main.js'), ('PS1', '\\[\x1b]633;A\x07\\]\\[\\033[0;1;36m\\]\\u:\\[\\033[0;91m\\] (feat/separate-tensegrity-core)\\[\\033[38;5;166;1m\\] \\W $ \\[\\033[0m\\]\\[\x1b]633;B\x07\\]'), ('VSCODE_GIT_ASKPASS_NODE', '/usr/share/code/code'), ('MANAGERPID', '1970'), ('SYSTEMD_EXEC_PID', '2212'), ('VSCODE_PYTHON_AUTOACTIVATE_GUARD', '1'), ('DBUS_SESSION_BUS_ADDRESS', 'unix:path=/run/user/1000/bus'), ('COLORTERM', 'truecolor'), ('_CE_M', ''), ('GIO_LAUNCHED_DESKTOP_FILE_PID', '96065'), ('IM_CONFIG_PHASE', '1'), ('ROS_DISTRO', 'humble'), ('GTK_IM_MODULE', 'ibus'), ('LOGNAME', 'pracsys'), ('JOURNAL_STREAM', '8:20602'), ('_', '/usr/bin/colcon'), ('ROS_VERSION', '2'), ('PKG_CONFIG_PATH', '/home/pracsys/ros-install/noetic/install_isolated/lib/pkgconfig'), ('XDG_SESSION_CLASS', 'user'), ('USERNAME', 'pracsys'), ('TERM', 'xterm-256color'), ('GNOME_DESKTOP_SESSION_ID', 'this-is-deprecated'), ('_CE_CONDA', ''), ('FC_FONTATIONS', '1'), ('ROS_LOCALHOST_ONLY', '0'), ('WINDOWPATH', '2'), ('PATH', '/opt/ros/humble/bin:/home/pracsys/ros-install/noetic/install_isolated/bin:/home/pracsys/.local/bin:/home/pracsys/anaconda3/condabin:/home/pracsys/.local/bin:/usr/local/sbin:/usr/local/bin:/usr/sbin:/usr/bin:/sbin:/bin:/usr/games:/usr/local/games:/snap/bin:/snap/bin'), ('SESSION_MANAGER', 'local/pracsys-HP-Z440-Workstation:@/tmp/.ICE-unix/2184,unix/pracsys-HP-Z440-Workstation:/tmp/.ICE-unix/2184'), ('GIT_PS1_SHOWDIRTYSTATE', '1'), ('INVOCATION_ID', '12bba4ae6633497c921952b83c306469'), ('XDG_MENU_PREFIX', 'gnome-'), ('XDG_RUNTIME_DIR', '/run/user/1000'), ('GDK_BACKEND', 'x11'), ('MAMBA_ROOT_PREFIX', '/home/pracsys/micromamba'), ('DISPLAY', ':1'), ('LANG', 'en_US.UTF-8'), ('XDG_CURRENT_DESKTOP', 'ubuntu:GNOME'), ('MJ_PATH', '/home/pracsys/mujoco/mujoco-2.3.7'), ('XMODIFIERS', '@im=ibus'), ('ROSLISP_PACKAGE_DIRECTORIES', ''), ('XDG_SESSION_DESKTOP', 'ubuntu'), ('XAUTHORITY', '/run/user/1000/gdm/Xauthority'), ('LS_COLORS', 'rs=0:di=01;34:ln=01;36:mh=00:pi=40;33:so=01;35:do=01;35:bd=40;33;01:cd=40;33;01:or=40;31;01:mi=00:su=37;41:sg=30;43:ca=30;41:tw=30;42:ow=34;42:st=37;44:ex=01;32:*.tar=01;31:*.tgz=01;31:*.arc=01;31:*.arj=01;31:*.taz=01;31:*.lha=01;31:*.lz4=01;31:*.lzh=01;31:*.lzma=01;31:*.tlz=01;31:*.txz=01;31:*.tzo=01;31:*.t7z=01;31:*.zip=01;31:*.z=01;31:*.dz=01;31:*.gz=01;31:*.lrz=01;31:*.lz=01;31:*.lzo=01;31:*.xz=01;31:*.zst=01;31:*.tzst=01;31:*.bz2=01;31:*.bz=01;31:*.tbz=01;31:*.tbz2=01;31:*.tz=01;31:*.deb=01;31:*.rpm=01;31:*.jar=01;31:*.war=01;31:*.ear=01;31:*.sar=01;31:*.rar=01;31:*.alz=01;31:*.ace=01;31:*.zoo=01;31:*.cpio=01;31:*.7z=01;31:*.rz=01;31:*.cab=01;31:*.wim=01;31:*.swm=01;31:*.dwm=01;31:*.esd=01;31:*.jpg=01;35:*.jpeg=01;35:*.mjpg=01;35:*.mjpeg=01;35:*.gif=01;35:*.bmp=01;35:*.pbm=01;35:*.pgm=01;35:*.ppm=01;35:*.tga=01;35:*.xbm=01;35:*.xpm=01;35:*.tif=01;35:*.tiff=01;35:*.png=01;35:*.svg=01;35:*.svgz=01;35:*.mng=01;35:*.pcx=01;35:*.mov=01;35:*.mpg=01;35:*.mpeg=01;35:*.m2v=01;35:*.mkv=01;35:*.webm=01;35:*.webp=01;35:*.ogm=01;35:*.mp4=01;35:*.m4v=01;35:*.mp4v=01;35:*.vob=01;35:*.qt=01;35:*.nuv=01;35:*.wmv=01;35:*.asf=01;35:*.rm=01;35:*.rmvb=01;35:*.flc=01;35:*.avi=01;35:*.fli=01;35:*.flv=01;35:*.gl=01;35:*.dl=01;35:*.xcf=01;35:*.xwd=01;35:*.yuv=01;35:*.cgm=01;35:*.emf=01;35:*.ogv=01;35:*.ogx=01;35:*.aac=00;36:*.au=00;36:*.flac=00;36:*.m4a=00;36:*.mid=00;36:*.midi=00;36:*.mka=00;36:*.mp3=00;36:*.mpc=00;36:*.ogg=00;36:*.ra=00;36:*.wav=00;36:*.oga=00;36:*.opus=00;36:*.spx=00;36:*.xspf=00;36:'), ('VSCODE_GIT_IPC_HANDLE', '/run/user/1000/vscode-git-df4d54f94b.sock'), ('ROS_ROOT', '/home/pracsys/ros-install/noetic/install_isolated/share/ros'), ('TERM_PROGRAM', 'vscode'), ('SSH_AGENT_LAUNCHER', 'gnome-keyring'), ('SSH_AUTH_SOCK', '/run/user/1000/keyring/ssh'), ('AMENT_PREFIX_PATH', '/opt/ros/humble'), ('CONDA_PYTHON_EXE', '/home/pracsys/anaconda3/bin/python'), ('SHELL', '/bin/bash'), ('QT_ACCESSIBILITY', '1'), ('ROS_MASTER_URI', 'http://robb.cs.rutgers.edu:11311/'), ('GDMSESSION', 'ubuntu'), ('LESSCLOSE', '/usr/bin/lesspipe %s %s'), ('GPG_AGENT_INFO', '/run/user/1000/gnupg/S.gpg-agent:0:1'), ('GJS_DEBUG_OUTPUT', 'stderr'), ('MAMBA_EXE', '/home/pracsys/.local/bin/micromamba'), ('VSCODE_GIT_ASKPASS_EXTRA_ARGS', ''), ('QT_IM_MODULE', 'ibus'), ('PWD', '/home/pracsys/Desktop/tensegrity/ros2_ws/src/build/tensegrity_interfaces'), ('XDG_CONFIG_DIRS', '/etc/xdg/xdg-ubuntu:/etc/xdg'), ('CONDA_EXE', '/home/pracsys/anaconda3/bin/conda'), ('XDG_DATA_DIRS', '/usr/share/ubuntu:/usr/share/gnome:/usr/local/share/:/usr/share/:/var/lib/snapd/desktop'), ('PYTHONPATH', '/opt/ros/humble/lib/python3.10/site-packages:/opt/ros/humble/local/lib/python3.10/dist-packages:/home/pracsys/ros-install/noetic/install_isolated/lib/python3/dist-packages'), ('ROS_HOSTNAME', 'robb.cs.rutgers.edu'), ('COLCON', '1'), ('DIRTMP_PATH', '/home/pracsys/code/ML4KP-devel'), ('CMAKE_PREFIX_PATH', '/opt/ros/humble:/home/pracsys/ros-install/noetic/install_isolated')]), 'shell': False}
[10.960212] (tensegrity_interfaces) StdoutLine: {'line': b'-- Install configuration: ""\n'}
[10.960860] (tensegrity_interfaces) StdoutLine: {'line': b'-- Execute custom install script\n'}
[10.961107] (tensegrity_interfaces) StdoutLine: {'line': b'-- Symlinking: /home/pracsys/Desktop/tensegrity/ros2_ws/src/install/tensegrity_interfaces/share/ament_index/resource_index/rosidl_interfaces/tensegrity_interfaces\n'}
[10.972625] (tensegrity_interfaces) StdoutLine: {'line': b'-- Symlinking: /home/pracsys/Desktop/tensegrity/ros2_ws/src/install/tensegrity_interfaces/include/tensegrity_interfaces/tensegrity_interfaces/msg/action.h\n'}
[10.982144] (tensegrity_interfaces) StdoutLine: {'line': b'-- Symlinking: /home/pracsys/Desktop/tensegrity/ros2_ws/src/install/tensegrity_interfaces/include/tensegrity_interfaces/tensegrity_interfaces/msg/detail/action__functions.h\n'}
[10.992883] (tensegrity_interfaces) StdoutLine: {'line': b'-- Symlinking: /home/pracsys/Desktop/tensegrity/ros2_ws/src/install/tensegrity_interfaces/include/tensegrity_interfaces/tensegrity_interfaces/msg/detail/action__struct.h\n'}
[11.002275] (tensegrity_interfaces) StdoutLine: {'line': b'-- Symlinking: /home/pracsys/Desktop/tensegrity/ros2_ws/src/install/tensegrity_interfaces/include/tensegrity_interfaces/tensegrity_interfaces/msg/detail/action__type_support.h\n'}
[11.011154] (tensegrity_interfaces) StdoutLine: {'line': b'-- Symlinking: /home/pracsys/Desktop/tensegrity/ros2_ws/src/install/tensegrity_interfaces/include/tensegrity_interfaces/tensegrity_interfaces/msg/detail/imu__functions.h\n'}
[11.022030] (tensegrity_interfaces) StdoutLine: {'line': b'-- Symlinking: /home/pracsys/Desktop/tensegrity/ros2_ws/src/install/tensegrity_interfaces/include/tensegrity_interfaces/tensegrity_interfaces/msg/detail/imu__struct.h\n'}
[11.030907] (tensegrity_interfaces) StdoutLine: {'line': b'-- Symlinking: /home/pracsys/Desktop/tensegrity/ros2_ws/src/install/tensegrity_interfaces/include/tensegrity_interfaces/tensegrity_interfaces/msg/detail/imu__type_support.h\n'}
[11.038369] (-) TimerEvent: {}
[11.039635] (tensegrity_interfaces) StdoutLine: {'line': b'-- Symlinking: /home/pracsys/Desktop/tensegrity/ros2_ws/src/install/tensegrity_interfaces/include/tensegrity_interfaces/tensegrity_interfaces/msg/detail/imu_stamped__functions.h\n'}
[11.050302] (tensegrity_interfaces) StdoutLine: {'line': b'-- Symlinking: /home/pracsys/Desktop/tensegrity/ros2_ws/src/install/tensegrity_interfaces/include/tensegrity_interfaces/tensegrity_interfaces/msg/detail/imu_stamped__struct.h\n'}
[11.060348] (tensegrity_interfaces) StdoutLine: {'line': b'-- Symlinking: /home/pracsys/Desktop/tensegrity/ros2_ws/src/install/tensegrity_interfaces/include/tensegrity_interfaces/tensegrity_interfaces/msg/detail/imu_stamped__type_support.h\n'}
[11.069185] (tensegrity_interfaces) StdoutLine: {'line': b'-- Symlinking: /home/pracsys/Desktop/tensegrity/ros2_ws/src/install/tensegrity_interfaces/include/tensegrity_interfaces/tensegrity_interfaces/msg/detail/info__functions.h\n'}
[11.078816] (tensegrity_interfaces) StdoutLine: {'line': b'-- Symlinking: /home/pracsys/Desktop/tensegrity/ros2_ws/src/install/tensegrity_interfaces/include/tensegrity_interfaces/tensegrity_interfaces/msg/detail/info__struct.h\n'}
[11.090385] (tensegrity_interfaces) StdoutLine: {'line': b'-- Symlinking: /home/pracsys/Desktop/tensegrity/ros2_ws/src/install/tensegrity_interfaces/include/tensegrity_interfaces/tensegrity_interfaces/msg/detail/info__type_support.h\n'}
[11.099814] (tensegrity_interfaces) StdoutLine: {'line': b'-- Symlinking: /home/pracsys/Desktop/tensegrity/ros2_ws/src/install/tensegrity_interfaces/include/tensegrity_interfaces/tensegrity_interfaces/msg/detail/motor__functions.h\n'}
[11.111260] (tensegrity_interfaces) StdoutLine: {'line': b'-- Symlinking: /home/pracsys/Desktop/tensegrity/ros2_ws/src/install/tensegrity_interfaces/include/tensegrity_interfaces/tensegrity_interfaces/msg/detail/motor__struct.h\n'}
[11.120231] (tensegrity_interfaces) StdoutLine: {'line': b'-- Symlinking: /home/pracsys/Desktop/tensegrity/ros2_ws/src/install/tensegrity_interfaces/include/tensegrity_interfaces/tensegrity_interfaces/msg/detail/motor__type_support.h\n'}
[11.129266] (tensegrity_interfaces) StdoutLine: {'line': b'-- Symlinking: /home/pracsys/Desktop/tensegrity/ros2_ws/src/install/tensegrity_interfaces/include/tensegrity_interfaces/tensegrity_interfaces/msg/detail/motors_stamped__functions.h\n'}
[11.138474] (tensegrity_interfaces) StdoutLine: {'line': b'-- Symlinking: /home/pracsys/Desktop/tensegrity/ros2_ws/src/install/tensegrity_interfaces/include/tensegrity_interfaces/tensegrity_interfaces/msg/detail/motors_stamped__struct.h\n'}
[11.138743] (-) TimerEvent: {}
[11.147002] (tensegrity_interfaces) StdoutLine: {'line': b'-- Symlinking: /home/pracsys/Desktop/tensegrity/ros2_ws/src/install/tensegrity_interfaces/include/tensegrity_interfaces/tensegrity_interfaces/msg/detail/motors_stamped__type_support.h\n'}
[11.157820] (tensegrity_interfaces) StdoutLine: {'line': b'-- Symlinking: /home/pracsys/Desktop/tensegrity/ros2_ws/src/install/tensegrity_interfaces/include/tensegrity_interfaces/tensegrity_interfaces/msg/detail/node__functions.h\n'}
[11.167348] (tensegrity_interfaces) StdoutLine: {'line': b'-- Symlinking: /home/pracsys/Desktop/tensegrity/ros2_ws/src/install/tensegrity_interfaces/include/tensegrity_interfaces/tensegrity_interfaces/msg/detail/node__struct.h\n'}
[11.176903] (tensegrity_interfaces) StdoutLine: {'line': b'-- Symlinking: /home/pracsys/Desktop/tensegrity/ros2_ws/src/install/tensegrity_interfaces/include/tensegrity_interfaces/tensegrity_interfaces/msg/detail/node__type_support.h\n'}
[11.187590] (tensegrity_interfaces) StdoutLine: {'line': b'-- Symlinking: /home/pracsys/Desktop/tensegrity/ros2_ws/src/install/tensegrity_interfaces/include/tensegrity_interfaces/tensegrity_interfaces/msg/detail/nodes_stamped__functions.h\n'}
[11.196627] (tensegrity_interfaces) StdoutLine: {'line': b'-- Symlinking: /home/pracsys/Desktop/tensegrity/ros2_ws/src/install/tensegrity_interfaces/include/tensegrity_interfaces/tensegrity_interfaces/msg/detail/nodes_stamped__struct.h\n'}
[11.205346] (tensegrity_interfaces) StdoutLine: {'line': b'-- Symlinking: /home/pracsys/Desktop/tensegrity/ros2_ws/src/install/tensegrity_interfaces/include/tensegrity_interfaces/tensegrity_interfaces/msg/detail/nodes_stamped__type_support.h\n'}
[11.214310] (tensegrity_interfaces) StdoutLine: {'line': b'-- Symlinking: /home/pracsys/Desktop/tensegrity/ros2_ws/src/install/tensegrity_interfaces/include/tensegrity_interfaces/tensegrity_interfaces/msg/detail/sensor__functions.h\n'}
[11.224266] (tensegrity_interfaces) StdoutLine: {'line': b'-- Symlinking: /home/pracsys/Desktop/tensegrity/ros2_ws/src/install/tensegrity_interfaces/include/tensegrity_interfaces/tensegrity_interfaces/msg/detail/sensor__struct.h\n'}
[11.233124] (tensegrity_interfaces) StdoutLine: {'line': b'-- Symlinking: /home/pracsys/Desktop/tensegrity/ros2_ws/src/install/tensegrity_interfaces/include/tensegrity_interfaces/tensegrity_interfaces/msg/detail/sensor__type_support.h\n'}
[11.238886] (-) TimerEvent: {}
[11.242832] (tensegrity_interfaces) StdoutLine: {'line': b'-- Symlinking: /home/pracsys/Desktop/tensegrity/ros2_ws/src/install/tensegrity_interfaces/include/tensegrity_interfaces/tensegrity_interfaces/msg/detail/sensors_stamped__functions.h\n'}
[11.254545] (tensegrity_interfaces) StdoutLine: {'line': b'-- Symlinking: /home/pracsys/Desktop/tensegrity/ros2_ws/src/install/tensegrity_interfaces/include/tensegrity_interfaces/tensegrity_interfaces/msg/detail/sensors_stamped__struct.h\n'}
[11.264365] (tensegrity_interfaces) StdoutLine: {'line': b'-- Symlinking: /home/pracsys/Desktop/tensegrity/ros2_ws/src/install/tensegrity_interfaces/include/tensegrity_interfaces/tensegrity_interfaces/msg/detail/sensors_stamped__type_support.h\n'}
[11.273023] (tensegrity_interfaces) StdoutLine: {'line': b'-- Symlinking: /home/pracsys/Desktop/tensegrity/ros2_ws/src/install/tensegrity_interfaces/include/tensegrity_interfaces/tensegrity_interfaces/msg/detail/stamped_index__functions.h\n'}
[11.281509] (tensegrity_interfaces) StdoutLine: {'line': b'-- Symlinking: /home/pracsys/Desktop/tensegrity/ros2_ws/src/install/tensegrity_interfaces/include/tensegrity_interfaces/tensegrity_interfaces/msg/detail/stamped_index__struct.h\n'}
[11.289942] (tensegrity_interfaces) StdoutLine: {'line': b'-- Symlinking: /home/pracsys/Desktop/tensegrity/ros2_ws/src/install/tensegrity_interfaces/include/tensegrity_interfaces/tensegrity_interfaces/msg/detail/stamped_index__type_support.h\n'}
[11.300902] (tensegrity_interfaces) StdoutLine: {'line': b'-- Symlinking: /home/pracsys/Desktop/tensegrity/ros2_ws/src/install/tensegrity_interfaces/include/tensegrity_interfaces/tensegrity_interfaces/msg/detail/state__functions.h\n'}
[11.309838] (tensegrity_interfaces) StdoutLine: {'line': b'-- Symlinking: /home/pracsys/Desktop/tensegrity/ros2_ws/src/install/tensegrity_interfaces/include/tensegrity_interfaces/tensegrity_interfaces/msg/detail/state__struct.h\n'}
[11.318680] (tensegrity_interfaces) StdoutLine: {'line': b'-- Symlinking: /home/pracsys/Desktop/tensegrity/ros2_ws/src/install/tensegrity_interfaces/include/tensegrity_interfaces/tensegrity_interfaces/msg/detail/state__type_support.h\n'}
[11.327091] (tensegrity_interfaces) StdoutLine: {'line': b'-- Symlinking: /home/pracsys/Desktop/tensegrity/ros2_ws/src/install/tensegrity_interfaces/include/tensegrity_interfaces/tensegrity_interfaces/msg/detail/tensegrity_stamped__functions.h\n'}
[11.335418] (tensegrity_interfaces) StdoutLine: {'line': b'-- Symlinking: /home/pracsys/Desktop/tensegrity/ros2_ws/src/install/tensegrity_interfaces/include/tensegrity_interfaces/tensegrity_interfaces/msg/detail/tensegrity_stamped__struct.h\n'}
[11.339026] (-) TimerEvent: {}
[11.346114] (tensegrity_interfaces) StdoutLine: {'line': b'-- Symlinking: /home/pracsys/Desktop/tensegrity/ros2_ws/src/install/tensegrity_interfaces/include/tensegrity_interfaces/tensegrity_interfaces/msg/detail/tensegrity_stamped__type_support.h\n'}
[11.355974] (tensegrity_interfaces) StdoutLine: {'line': b'-- Symlinking: /home/pracsys/Desktop/tensegrity/ros2_ws/src/install/tensegrity_interfaces/include/tensegrity_interfaces/tensegrity_interfaces/msg/detail/trajectory__functions.h\n'}
[11.365365] (tensegrity_interfaces) StdoutLine: {'line': b'-- Symlinking: /home/pracsys/Desktop/tensegrity/ros2_ws/src/install/tensegrity_interfaces/include/tensegrity_interfaces/tensegrity_interfaces/msg/detail/trajectory__struct.h\n'}
[11.374453] (tensegrity_interfaces) StdoutLine: {'line': b'-- Symlinking: /home/pracsys/Desktop/tensegrity/ros2_ws/src/install/tensegrity_interfaces/include/tensegrity_interfaces/tensegrity_interfaces/msg/detail/trajectory__type_support.h\n'}
[11.383474] (tensegrity_interfaces) StdoutLine: {'line': b'-- Symlinking: /home/pracsys/Desktop/tensegrity/ros2_ws/src/install/tensegrity_interfaces/include/tensegrity_interfaces/tensegrity_interfaces/msg/imu.h\n'}
[11.393863] (tensegrity_interfaces) StdoutLine: {'line': b'-- Symlinking: /home/pracsys/Desktop/tensegrity/ros2_ws/src/install/tensegrity_interfaces/include/tensegrity_interfaces/tensegrity_interfaces/msg/imu_stamped.h\n'}
[11.402899] (tensegrity_interfaces) StdoutLine: {'line': b'-- Symlinking: /home/pracsys/Desktop/tensegrity/ros2_ws/src/install/tensegrity_interfaces/include/tensegrity_interfaces/tensegrity_interfaces/msg/info.h\n'}
[11.411672] (tensegrity_interfaces) StdoutLine: {'line': b'-- Symlinking: /home/pracsys/Desktop/tensegrity/ros2_ws/src/install/tensegrity_interfaces/include/tensegrity_interfaces/tensegrity_interfaces/msg/motor.h\n'}
[11.420424] (tensegrity_interfaces) StdoutLine: {'line': b'-- Symlinking: /home/pracsys/Desktop/tensegrity/ros2_ws/src/install/tensegrity_interfaces/include/tensegrity_interfaces/tensegrity_interfaces/msg/motors_stamped.h\n'}
[11.429207] (tensegrity_interfaces) StdoutLine: {'line': b'-- Symlinking: /home/pracsys/Desktop/tensegrity/ros2_ws/src/install/tensegrity_interfaces/include/tensegrity_interfaces/tensegrity_interfaces/msg/node.h\n'}
[11.439172] (-) TimerEvent: {}
[11.439727] (tensegrity_interfaces) StdoutLine: {'line': b'-- Symlinking: /home/pracsys/Desktop/tensegrity/ros2_ws/src/install/tensegrity_interfaces/include/tensegrity_interfaces/tensegrity_interfaces/msg/nodes_stamped.h\n'}
[11.449718] (tensegrity_interfaces) StdoutLine: {'line': b'-- Symlinking: /home/pracsys/Desktop/tensegrity/ros2_ws/src/install/tensegrity_interfaces/include/tensegrity_interfaces/tensegrity_interfaces/msg/rosidl_generator_c__visibility_control.h\n'}
[11.461666] (tensegrity_interfaces) StdoutLine: {'line': b'-- Symlinking: /home/pracsys/Desktop/tensegrity/ros2_ws/src/install/tensegrity_interfaces/include/tensegrity_interfaces/tensegrity_interfaces/msg/sensor.h\n'}
[11.472211] (tensegrity_interfaces) StdoutLine: {'line': b'-- Symlinking: /home/pracsys/Desktop/tensegrity/ros2_ws/src/install/tensegrity_interfaces/include/tensegrity_interfaces/tensegrity_interfaces/msg/sensors_stamped.h\n'}
[11.482980] (tensegrity_interfaces) StdoutLine: {'line': b'-- Symlinking: /home/pracsys/Desktop/tensegrity/ros2_ws/src/install/tensegrity_interfaces/include/tensegrity_interfaces/tensegrity_interfaces/msg/stamped_index.h\n'}
[11.493117] (tensegrity_interfaces) StdoutLine: {'line': b'-- Symlinking: /home/pracsys/Desktop/tensegrity/ros2_ws/src/install/tensegrity_interfaces/include/tensegrity_interfaces/tensegrity_interfaces/msg/state.h\n'}
[11.504875] (tensegrity_interfaces) StdoutLine: {'line': b'-- Symlinking: /home/pracsys/Desktop/tensegrity/ros2_ws/src/install/tensegrity_interfaces/include/tensegrity_interfaces/tensegrity_interfaces/msg/tensegrity_stamped.h\n'}
[11.514753] (tensegrity_interfaces) StdoutLine: {'line': b'-- Symlinking: /home/pracsys/Desktop/tensegrity/ros2_ws/src/install/tensegrity_interfaces/include/tensegrity_interfaces/tensegrity_interfaces/msg/trajectory.h\n'}
[11.524192] (tensegrity_interfaces) StdoutLine: {'line': b'-- Symlinking: /home/pracsys/Desktop/tensegrity/ros2_ws/src/install/tensegrity_interfaces/share/tensegrity_interfaces/environment/library_path.sh\n'}
[11.533430] (tensegrity_interfaces) StdoutLine: {'line': b'-- Symlinking: /home/pracsys/Desktop/tensegrity/ros2_ws/src/install/tensegrity_interfaces/share/tensegrity_interfaces/environment/library_path.dsv\n'}
[11.539314] (-) TimerEvent: {}
[11.545314] (tensegrity_interfaces) StdoutLine: {'line': b'-- Symlinking: /home/pracsys/Desktop/tensegrity/ros2_ws/src/install/tensegrity_interfaces/include/tensegrity_interfaces/tensegrity_interfaces/msg/detail/action__rosidl_typesupport_fastrtps_c.h\n'}
[11.556316] (tensegrity_interfaces) StdoutLine: {'line': b'-- Symlinking: /home/pracsys/Desktop/tensegrity/ros2_ws/src/install/tensegrity_interfaces/include/tensegrity_interfaces/tensegrity_interfaces/msg/detail/imu__rosidl_typesupport_fastrtps_c.h\n'}
[11.568497] (tensegrity_interfaces) StdoutLine: {'line': b'-- Symlinking: /home/pracsys/Desktop/tensegrity/ros2_ws/src/install/tensegrity_interfaces/include/tensegrity_interfaces/tensegrity_interfaces/msg/detail/imu_stamped__rosidl_typesupport_fastrtps_c.h\n'}
[11.578057] (tensegrity_interfaces) StdoutLine: {'line': b'-- Symlinking: /home/pracsys/Desktop/tensegrity/ros2_ws/src/install/tensegrity_interfaces/include/tensegrity_interfaces/tensegrity_interfaces/msg/detail/info__rosidl_typesupport_fastrtps_c.h\n'}
[11.588541] (tensegrity_interfaces) StdoutLine: {'line': b'-- Symlinking: /home/pracsys/Desktop/tensegrity/ros2_ws/src/install/tensegrity_interfaces/include/tensegrity_interfaces/tensegrity_interfaces/msg/detail/motor__rosidl_typesupport_fastrtps_c.h\n'}
[11.598173] (tensegrity_interfaces) StdoutLine: {'line': b'-- Symlinking: /home/pracsys/Desktop/tensegrity/ros2_ws/src/install/tensegrity_interfaces/include/tensegrity_interfaces/tensegrity_interfaces/msg/detail/motors_stamped__rosidl_typesupport_fastrtps_c.h\n'}
[11.607927] (tensegrity_interfaces) StdoutLine: {'line': b'-- Symlinking: /home/pracsys/Desktop/tensegrity/ros2_ws/src/install/tensegrity_interfaces/include/tensegrity_interfaces/tensegrity_interfaces/msg/detail/node__rosidl_typesupport_fastrtps_c.h\n'}
[11.617577] (tensegrity_interfaces) StdoutLine: {'line': b'-- Symlinking: /home/pracsys/Desktop/tensegrity/ros2_ws/src/install/tensegrity_interfaces/include/tensegrity_interfaces/tensegrity_interfaces/msg/detail/nodes_stamped__rosidl_typesupport_fastrtps_c.h\n'}
[11.627060] (tensegrity_interfaces) StdoutLine: {'line': b'-- Symlinking: /home/pracsys/Desktop/tensegrity/ros2_ws/src/install/tensegrity_interfaces/include/tensegrity_interfaces/tensegrity_interfaces/msg/detail/sensor__rosidl_typesupport_fastrtps_c.h\n'}
[11.636339] (tensegrity_interfaces) StdoutLine: {'line': b'-- Symlinking: /home/pracsys/Desktop/tensegrity/ros2_ws/src/install/tensegrity_interfaces/include/tensegrity_interfaces/tensegrity_interfaces/msg/detail/sensors_stamped__rosidl_typesupport_fastrtps_c.h\n'}
[11.639458] (-) TimerEvent: {}
[11.645525] (tensegrity_interfaces) StdoutLine: {'line': b'-- Symlinking: /home/pracsys/Desktop/tensegrity/ros2_ws/src/install/tensegrity_interfaces/include/tensegrity_interfaces/tensegrity_interfaces/msg/detail/stamped_index__rosidl_typesupport_fastrtps_c.h\n'}
[11.655787] (tensegrity_interfaces) StdoutLine: {'line': b'-- Symlinking: /home/pracsys/Desktop/tensegrity/ros2_ws/src/install/tensegrity_interfaces/include/tensegrity_interfaces/tensegrity_interfaces/msg/detail/state__rosidl_typesupport_fastrtps_c.h\n'}
[11.668848] (tensegrity_interfaces) StdoutLine: {'line': b'-- Symlinking: /home/pracsys/Desktop/tensegrity/ros2_ws/src/install/tensegrity_interfaces/include/tensegrity_interfaces/tensegrity_interfaces/msg/detail/tensegrity_stamped__rosidl_typesupport_fastrtps_c.h\n'}
[11.679116] (tensegrity_interfaces) StdoutLine: {'line': b'-- Symlinking: /home/pracsys/Desktop/tensegrity/ros2_ws/src/install/tensegrity_interfaces/include/tensegrity_interfaces/tensegrity_interfaces/msg/detail/trajectory__rosidl_typesupport_fastrtps_c.h\n'}
[11.690189] (tensegrity_interfaces) StdoutLine: {'line': b'-- Symlinking: /home/pracsys/Desktop/tensegrity/ros2_ws/src/install/tensegrity_interfaces/include/tensegrity_interfaces/tensegrity_interfaces/msg/rosidl_typesupport_fastrtps_c__visibility_control.h\n'}
[11.700534] (tensegrity_interfaces) StdoutLine: {'line': b'-- Symlinking: /home/pracsys/Desktop/tensegrity/ros2_ws/src/install/tensegrity_interfaces/include/tensegrity_interfaces/tensegrity_interfaces/msg/detail/action__rosidl_typesupport_introspection_c.h\n'}
[11.710226] (tensegrity_interfaces) StdoutLine: {'line': b'-- Symlinking: /home/pracsys/Desktop/tensegrity/ros2_ws/src/install/tensegrity_interfaces/include/tensegrity_interfaces/tensegrity_interfaces/msg/detail/imu__rosidl_typesupport_introspection_c.h\n'}
[11.721425] (tensegrity_interfaces) StdoutLine: {'line': b'-- Symlinking: /home/pracsys/Desktop/tensegrity/ros2_ws/src/install/tensegrity_interfaces/include/tensegrity_interfaces/tensegrity_interfaces/msg/detail/imu_stamped__rosidl_typesupport_introspection_c.h\n'}
[11.730479] (tensegrity_interfaces) StdoutLine: {'line': b'-- Symlinking: /home/pracsys/Desktop/tensegrity/ros2_ws/src/install/tensegrity_interfaces/include/tensegrity_interfaces/tensegrity_interfaces/msg/detail/info__rosidl_typesupport_introspection_c.h\n'}
[11.739612] (-) TimerEvent: {}
[11.740632] (tensegrity_interfaces) StdoutLine: {'line': b'-- Symlinking: /home/pracsys/Desktop/tensegrity/ros2_ws/src/install/tensegrity_interfaces/include/tensegrity_interfaces/tensegrity_interfaces/msg/detail/motor__rosidl_typesupport_introspection_c.h\n'}
[11.749890] (tensegrity_interfaces) StdoutLine: {'line': b'-- Symlinking: /home/pracsys/Desktop/tensegrity/ros2_ws/src/install/tensegrity_interfaces/include/tensegrity_interfaces/tensegrity_interfaces/msg/detail/motors_stamped__rosidl_typesupport_introspection_c.h\n'}
[11.759712] (tensegrity_interfaces) StdoutLine: {'line': b'-- Symlinking: /home/pracsys/Desktop/tensegrity/ros2_ws/src/install/tensegrity_interfaces/include/tensegrity_interfaces/tensegrity_interfaces/msg/detail/node__rosidl_typesupport_introspection_c.h\n'}
[11.769163] (tensegrity_interfaces) StdoutLine: {'line': b'-- Symlinking: /home/pracsys/Desktop/tensegrity/ros2_ws/src/install/tensegrity_interfaces/include/tensegrity_interfaces/tensegrity_interfaces/msg/detail/nodes_stamped__rosidl_typesupport_introspection_c.h\n'}
[11.778917] (tensegrity_interfaces) StdoutLine: {'line': b'-- Symlinking: /home/pracsys/Desktop/tensegrity/ros2_ws/src/install/tensegrity_interfaces/include/tensegrity_interfaces/tensegrity_interfaces/msg/detail/sensor__rosidl_typesupport_introspection_c.h\n'}
[11.790402] (tensegrity_interfaces) StdoutLine: {'line': b'-- Symlinking: /home/pracsys/Desktop/tensegrity/ros2_ws/src/install/tensegrity_interfaces/include/tensegrity_interfaces/tensegrity_interfaces/msg/detail/sensors_stamped__rosidl_typesupport_introspection_c.h\n'}
[11.800044] (tensegrity_interfaces) StdoutLine: {'line': b'-- Symlinking: /home/pracsys/Desktop/tensegrity/ros2_ws/src/install/tensegrity_interfaces/include/tensegrity_interfaces/tensegrity_interfaces/msg/detail/stamped_index__rosidl_typesupport_introspection_c.h\n'}
[11.809872] (tensegrity_interfaces) StdoutLine: {'line': b'-- Symlinking: /home/pracsys/Desktop/tensegrity/ros2_ws/src/install/tensegrity_interfaces/include/tensegrity_interfaces/tensegrity_interfaces/msg/detail/state__rosidl_typesupport_introspection_c.h\n'}
[11.819740] (tensegrity_interfaces) StdoutLine: {'line': b'-- Symlinking: /home/pracsys/Desktop/tensegrity/ros2_ws/src/install/tensegrity_interfaces/include/tensegrity_interfaces/tensegrity_interfaces/msg/detail/tensegrity_stamped__rosidl_typesupport_introspection_c.h\n'}
[11.829266] (tensegrity_interfaces) StdoutLine: {'line': b'-- Symlinking: /home/pracsys/Desktop/tensegrity/ros2_ws/src/install/tensegrity_interfaces/include/tensegrity_interfaces/tensegrity_interfaces/msg/detail/trajectory__rosidl_typesupport_introspection_c.h\n'}
[11.838486] (tensegrity_interfaces) StdoutLine: {'line': b'-- Symlinking: /home/pracsys/Desktop/tensegrity/ros2_ws/src/install/tensegrity_interfaces/include/tensegrity_interfaces/tensegrity_interfaces/msg/rosidl_typesupport_introspection_c__visibility_control.h\n'}
[11.839720] (-) TimerEvent: {}
[11.850470] (tensegrity_interfaces) StdoutLine: {'line': b'-- Symlinking: /home/pracsys/Desktop/tensegrity/ros2_ws/src/install/tensegrity_interfaces/include/tensegrity_interfaces/tensegrity_interfaces/msg/action.hpp\n'}
[11.861400] (tensegrity_interfaces) StdoutLine: {'line': b'-- Symlinking: /home/pracsys/Desktop/tensegrity/ros2_ws/src/install/tensegrity_interfaces/include/tensegrity_interfaces/tensegrity_interfaces/msg/detail/action__builder.hpp\n'}
[11.871037] (tensegrity_interfaces) StdoutLine: {'line': b'-- Symlinking: /home/pracsys/Desktop/tensegrity/ros2_ws/src/install/tensegrity_interfaces/include/tensegrity_interfaces/tensegrity_interfaces/msg/detail/action__struct.hpp\n'}
[11.881099] (tensegrity_interfaces) StdoutLine: {'line': b'-- Symlinking: /home/pracsys/Desktop/tensegrity/ros2_ws/src/install/tensegrity_interfaces/include/tensegrity_interfaces/tensegrity_interfaces/msg/detail/action__traits.hpp\n'}
[11.893188] (tensegrity_interfaces) StdoutLine: {'line': b'-- Symlinking: /home/pracsys/Desktop/tensegrity/ros2_ws/src/install/tensegrity_interfaces/include/tensegrity_interfaces/tensegrity_interfaces/msg/detail/action__type_support.hpp\n'}
[11.902987] (tensegrity_interfaces) StdoutLine: {'line': b'-- Symlinking: /home/pracsys/Desktop/tensegrity/ros2_ws/src/install/tensegrity_interfaces/include/tensegrity_interfaces/tensegrity_interfaces/msg/detail/imu__builder.hpp\n'}
[11.912790] (tensegrity_interfaces) StdoutLine: {'line': b'-- Symlinking: /home/pracsys/Desktop/tensegrity/ros2_ws/src/install/tensegrity_interfaces/include/tensegrity_interfaces/tensegrity_interfaces/msg/detail/imu__struct.hpp\n'}
[11.921897] (tensegrity_interfaces) StdoutLine: {'line': b'-- Symlinking: /home/pracsys/Desktop/tensegrity/ros2_ws/src/install/tensegrity_interfaces/include/tensegrity_interfaces/tensegrity_interfaces/msg/detail/imu__traits.hpp\n'}
[11.932347] (tensegrity_interfaces) StdoutLine: {'line': b'-- Symlinking: /home/pracsys/Desktop/tensegrity/ros2_ws/src/install/tensegrity_interfaces/include/tensegrity_interfaces/tensegrity_interfaces/msg/detail/imu__type_support.hpp\n'}
[11.939862] (-) TimerEvent: {}
[11.941493] (tensegrity_interfaces) StdoutLine: {'line': b'-- Symlinking: /home/pracsys/Desktop/tensegrity/ros2_ws/src/install/tensegrity_interfaces/include/tensegrity_interfaces/tensegrity_interfaces/msg/detail/imu_stamped__builder.hpp\n'}
[11.951795] (tensegrity_interfaces) StdoutLine: {'line': b'-- Symlinking: /home/pracsys/Desktop/tensegrity/ros2_ws/src/install/tensegrity_interfaces/include/tensegrity_interfaces/tensegrity_interfaces/msg/detail/imu_stamped__struct.hpp\n'}
[11.962294] (tensegrity_interfaces) StdoutLine: {'line': b'-- Symlinking: /home/pracsys/Desktop/tensegrity/ros2_ws/src/install/tensegrity_interfaces/include/tensegrity_interfaces/tensegrity_interfaces/msg/detail/imu_stamped__traits.hpp\n'}
[11.971448] (tensegrity_interfaces) StdoutLine: {'line': b'-- Symlinking: /home/pracsys/Desktop/tensegrity/ros2_ws/src/install/tensegrity_interfaces/include/tensegrity_interfaces/tensegrity_interfaces/msg/detail/imu_stamped__type_support.hpp\n'}
[11.980413] (tensegrity_interfaces) StdoutLine: {'line': b'-- Symlinking: /home/pracsys/Desktop/tensegrity/ros2_ws/src/install/tensegrity_interfaces/include/tensegrity_interfaces/tensegrity_interfaces/msg/detail/info__builder.hpp\n'}
[11.988993] (tensegrity_interfaces) StdoutLine: {'line': b'-- Symlinking: /home/pracsys/Desktop/tensegrity/ros2_ws/src/install/tensegrity_interfaces/include/tensegrity_interfaces/tensegrity_interfaces/msg/detail/info__struct.hpp\n'}
[11.999211] (tensegrity_interfaces) StdoutLine: {'line': b'-- Symlinking: /home/pracsys/Desktop/tensegrity/ros2_ws/src/install/tensegrity_interfaces/include/tensegrity_interfaces/tensegrity_interfaces/msg/detail/info__traits.hpp\n'}
[12.007840] (tensegrity_interfaces) StdoutLine: {'line': b'-- Symlinking: /home/pracsys/Desktop/tensegrity/ros2_ws/src/install/tensegrity_interfaces/include/tensegrity_interfaces/tensegrity_interfaces/msg/detail/info__type_support.hpp\n'}
[12.016378] (tensegrity_interfaces) StdoutLine: {'line': b'-- Symlinking: /home/pracsys/Desktop/tensegrity/ros2_ws/src/install/tensegrity_interfaces/include/tensegrity_interfaces/tensegrity_interfaces/msg/detail/motor__builder.hpp\n'}
[12.024217] (tensegrity_interfaces) StdoutLine: {'line': b'-- Symlinking: /home/pracsys/Desktop/tensegrity/ros2_ws/src/install/tensegrity_interfaces/include/tensegrity_interfaces/tensegrity_interfaces/msg/detail/motor__struct.hpp\n'}
[12.032394] (tensegrity_interfaces) StdoutLine: {'line': b'-- Symlinking: /home/pracsys/Desktop/tensegrity/ros2_ws/src/install/tensegrity_interfaces/include/tensegrity_interfaces/tensegrity_interfaces/msg/detail/motor__traits.hpp\n'}
[12.039982] (tensegrity_interfaces) StdoutLine: {'line': b'-- Symlinking: /home/pracsys/Desktop/tensegrity/ros2_ws/src/install/tensegrity_interfaces/include/tensegrity_interfaces/tensegrity_interfaces/msg/detail/motor__type_support.hpp\n'}
[12.040248] (-) TimerEvent: {}
[12.049217] (tensegrity_interfaces) StdoutLine: {'line': b'-- Symlinking: /home/pracsys/Desktop/tensegrity/ros2_ws/src/install/tensegrity_interfaces/include/tensegrity_interfaces/tensegrity_interfaces/msg/detail/motors_stamped__builder.hpp\n'}
[12.059879] (tensegrity_interfaces) StdoutLine: {'line': b'-- Symlinking: /home/pracsys/Desktop/tensegrity/ros2_ws/src/install/tensegrity_interfaces/include/tensegrity_interfaces/tensegrity_interfaces/msg/detail/motors_stamped__struct.hpp\n'}
[12.069250] (tensegrity_interfaces) StdoutLine: {'line': b'-- Symlinking: /home/pracsys/Desktop/tensegrity/ros2_ws/src/install/tensegrity_interfaces/include/tensegrity_interfaces/tensegrity_interfaces/msg/detail/motors_stamped__traits.hpp\n'}
[12.078474] (tensegrity_interfaces) StdoutLine: {'line': b'-- Symlinking: /home/pracsys/Desktop/tensegrity/ros2_ws/src/install/tensegrity_interfaces/include/tensegrity_interfaces/tensegrity_interfaces/msg/detail/motors_stamped__type_support.hpp\n'}
[12.087769] (tensegrity_interfaces) StdoutLine: {'line': b'-- Symlinking: /home/pracsys/Desktop/tensegrity/ros2_ws/src/install/tensegrity_interfaces/include/tensegrity_interfaces/tensegrity_interfaces/msg/detail/node__builder.hpp\n'}
[12.097490] (tensegrity_interfaces) StdoutLine: {'line': b'-- Symlinking: /home/pracsys/Desktop/tensegrity/ros2_ws/src/install/tensegrity_interfaces/include/tensegrity_interfaces/tensegrity_interfaces/msg/detail/node__struct.hpp\n'}
[12.107604] (tensegrity_interfaces) StdoutLine: {'line': b'-- Symlinking: /home/pracsys/Desktop/tensegrity/ros2_ws/src/install/tensegrity_interfaces/include/tensegrity_interfaces/tensegrity_interfaces/msg/detail/node__traits.hpp\n'}
[12.117348] (tensegrity_interfaces) StdoutLine: {'line': b'-- Symlinking: /home/pracsys/Desktop/tensegrity/ros2_ws/src/install/tensegrity_interfaces/include/tensegrity_interfaces/tensegrity_interfaces/msg/detail/node__type_support.hpp\n'}
[12.126873] (tensegrity_interfaces) StdoutLine: {'line': b'-- Symlinking: /home/pracsys/Desktop/tensegrity/ros2_ws/src/install/tensegrity_interfaces/include/tensegrity_interfaces/tensegrity_interfaces/msg/detail/nodes_stamped__builder.hpp\n'}
[12.135978] (tensegrity_interfaces) StdoutLine: {'line': b'-- Symlinking: /home/pracsys/Desktop/tensegrity/ros2_ws/src/install/tensegrity_interfaces/include/tensegrity_interfaces/tensegrity_interfaces/msg/detail/nodes_stamped__struct.hpp\n'}
[12.140406] (-) TimerEvent: {}
[12.145202] (tensegrity_interfaces) StdoutLine: {'line': b'-- Symlinking: /home/pracsys/Desktop/tensegrity/ros2_ws/src/install/tensegrity_interfaces/include/tensegrity_interfaces/tensegrity_interfaces/msg/detail/nodes_stamped__traits.hpp\n'}
[12.155300] (tensegrity_interfaces) StdoutLine: {'line': b'-- Symlinking: /home/pracsys/Desktop/tensegrity/ros2_ws/src/install/tensegrity_interfaces/include/tensegrity_interfaces/tensegrity_interfaces/msg/detail/nodes_stamped__type_support.hpp\n'}
[12.167587] (tensegrity_interfaces) StdoutLine: {'line': b'-- Symlinking: /home/pracsys/Desktop/tensegrity/ros2_ws/src/install/tensegrity_interfaces/include/tensegrity_interfaces/tensegrity_interfaces/msg/detail/sensor__builder.hpp\n'}
[12.178285] (tensegrity_interfaces) StdoutLine: {'line': b'-- Symlinking: /home/pracsys/Desktop/tensegrity/ros2_ws/src/install/tensegrity_interfaces/include/tensegrity_interfaces/tensegrity_interfaces/msg/detail/sensor__struct.hpp\n'}
[12.188820] (tensegrity_interfaces) StdoutLine: {'line': b'-- Symlinking: /home/pracsys/Desktop/tensegrity/ros2_ws/src/install/tensegrity_interfaces/include/tensegrity_interfaces/tensegrity_interfaces/msg/detail/sensor__traits.hpp\n'}
[12.198872] (tensegrity_interfaces) StdoutLine: {'line': b'-- Symlinking: /home/pracsys/Desktop/tensegrity/ros2_ws/src/install/tensegrity_interfaces/include/tensegrity_interfaces/tensegrity_interfaces/msg/detail/sensor__type_support.hpp\n'}
[12.208548] (tensegrity_interfaces) StdoutLine: {'line': b'-- Symlinking: /home/pracsys/Desktop/tensegrity/ros2_ws/src/install/tensegrity_interfaces/include/tensegrity_interfaces/tensegrity_interfaces/msg/detail/sensors_stamped__builder.hpp\n'}
[12.218270] (tensegrity_interfaces) StdoutLine: {'line': b'-- Symlinking: /home/pracsys/Desktop/tensegrity/ros2_ws/src/install/tensegrity_interfaces/include/tensegrity_interfaces/tensegrity_interfaces/msg/detail/sensors_stamped__struct.hpp\n'}
[12.227477] (tensegrity_interfaces) StdoutLine: {'line': b'-- Symlinking: /home/pracsys/Desktop/tensegrity/ros2_ws/src/install/tensegrity_interfaces/include/tensegrity_interfaces/tensegrity_interfaces/msg/detail/sensors_stamped__traits.hpp\n'}
[12.236310] (tensegrity_interfaces) StdoutLine: {'line': b'-- Symlinking: /home/pracsys/Desktop/tensegrity/ros2_ws/src/install/tensegrity_interfaces/include/tensegrity_interfaces/tensegrity_interfaces/msg/detail/sensors_stamped__type_support.hpp\n'}
[12.240515] (-) TimerEvent: {}
[12.245597] (tensegrity_interfaces) StdoutLine: {'line': b'-- Symlinking: /home/pracsys/Desktop/tensegrity/ros2_ws/src/install/tensegrity_interfaces/include/tensegrity_interfaces/tensegrity_interfaces/msg/detail/stamped_index__builder.hpp\n'}
[12.256253] (tensegrity_interfaces) StdoutLine: {'line': b'-- Symlinking: /home/pracsys/Desktop/tensegrity/ros2_ws/src/install/tensegrity_interfaces/include/tensegrity_interfaces/tensegrity_interfaces/msg/detail/stamped_index__struct.hpp\n'}
[12.266973] (tensegrity_interfaces) StdoutLine: {'line': b'-- Symlinking: /home/pracsys/Desktop/tensegrity/ros2_ws/src/install/tensegrity_interfaces/include/tensegrity_interfaces/tensegrity_interfaces/msg/detail/stamped_index__traits.hpp\n'}
[12.277051] (tensegrity_interfaces) StdoutLine: {'line': b'-- Symlinking: /home/pracsys/Desktop/tensegrity/ros2_ws/src/install/tensegrity_interfaces/include/tensegrity_interfaces/tensegrity_interfaces/msg/detail/stamped_index__type_support.hpp\n'}
[12.286971] (tensegrity_interfaces) StdoutLine: {'line': b'-- Symlinking: /home/pracsys/Desktop/tensegrity/ros2_ws/src/install/tensegrity_interfaces/include/tensegrity_interfaces/tensegrity_interfaces/msg/detail/state__builder.hpp\n'}
[12.296431] (tensegrity_interfaces) StdoutLine: {'line': b'-- Symlinking: /home/pracsys/Desktop/tensegrity/ros2_ws/src/install/tensegrity_interfaces/include/tensegrity_interfaces/tensegrity_interfaces/msg/detail/state__struct.hpp\n'}
[12.306181] (tensegrity_interfaces) StdoutLine: {'line': b'-- Symlinking: /home/pracsys/Desktop/tensegrity/ros2_ws/src/install/tensegrity_interfaces/include/tensegrity_interfaces/tensegrity_interfaces/msg/detail/state__traits.hpp\n'}
[12.315482] (tensegrity_interfaces) StdoutLine: {'line': b'-- Symlinking: /home/pracsys/Desktop/tensegrity/ros2_ws/src/install/tensegrity_interfaces/include/tensegrity_interfaces/tensegrity_interfaces/msg/detail/state__type_support.hpp\n'}
[12.325051] (tensegrity_interfaces) StdoutLine: {'line': b'-- Symlinking: /home/pracsys/Desktop/tensegrity/ros2_ws/src/install/tensegrity_interfaces/include/tensegrity_interfaces/tensegrity_interfaces/msg/detail/tensegrity_stamped__builder.hpp\n'}
[12.334686] (tensegrity_interfaces) StdoutLine: {'line': b'-- Symlinking: /home/pracsys/Desktop/tensegrity/ros2_ws/src/install/tensegrity_interfaces/include/tensegrity_interfaces/tensegrity_interfaces/msg/detail/tensegrity_stamped__struct.hpp\n'}
[12.340658] (-) TimerEvent: {}
[12.345791] (tensegrity_interfaces) StdoutLine: {'line': b'-- Symlinking: /home/pracsys/Desktop/tensegrity/ros2_ws/src/install/tensegrity_interfaces/include/tensegrity_interfaces/tensegrity_interfaces/msg/detail/tensegrity_stamped__traits.hpp\n'}
[12.357492] (tensegrity_interfaces) StdoutLine: {'line': b'-- Symlinking: /home/pracsys/Desktop/tensegrity/ros2_ws/src/install/tensegrity_interfaces/include/tensegrity_interfaces/tensegrity_interfaces/msg/detail/tensegrity_stamped__type_support.hpp\n'}
[12.369603] (tensegrity_interfaces) StdoutLine: {'line': b'-- Symlinking: /home/pracsys/Desktop/tensegrity/ros2_ws/src/install/tensegrity_interfaces/include/tensegrity_interfaces/tensegrity_interfaces/msg/detail/trajectory__builder.hpp\n'}
[12.380072] (tensegrity_interfaces) StdoutLine: {'line': b'-- Symlinking: /home/pracsys/Desktop/tensegrity/ros2_ws/src/install/tensegrity_interfaces/include/tensegrity_interfaces/tensegrity_interfaces/msg/detail/trajectory__struct.hpp\n'}
[12.391925] (tensegrity_interfaces) StdoutLine: {'line': b'-- Symlinking: /home/pracsys/Desktop/tensegrity/ros2_ws/src/install/tensegrity_interfaces/include/tensegrity_interfaces/tensegrity_interfaces/msg/detail/trajectory__traits.hpp\n'}
[12.402091] (tensegrity_interfaces) StdoutLine: {'line': b'-- Symlinking: /home/pracsys/Desktop/tensegrity/ros2_ws/src/install/tensegrity_interfaces/include/tensegrity_interfaces/tensegrity_interfaces/msg/detail/trajectory__type_support.hpp\n'}
[12.414029] (tensegrity_interfaces) StdoutLine: {'line': b'-- Symlinking: /home/pracsys/Desktop/tensegrity/ros2_ws/src/install/tensegrity_interfaces/include/tensegrity_interfaces/tensegrity_interfaces/msg/imu.hpp\n'}
[12.423872] (tensegrity_interfaces) StdoutLine: {'line': b'-- Symlinking: /home/pracsys/Desktop/tensegrity/ros2_ws/src/install/tensegrity_interfaces/include/tensegrity_interfaces/tensegrity_interfaces/msg/imu_stamped.hpp\n'}
[12.433910] (tensegrity_interfaces) StdoutLine: {'line': b'-- Symlinking: /home/pracsys/Desktop/tensegrity/ros2_ws/src/install/tensegrity_interfaces/include/tensegrity_interfaces/tensegrity_interfaces/msg/info.hpp\n'}
[12.440800] (-) TimerEvent: {}
[12.443710] (tensegrity_interfaces) StdoutLine: {'line': b'-- Symlinking: /home/pracsys/Desktop/tensegrity/ros2_ws/src/install/tensegrity_interfaces/include/tensegrity_interfaces/tensegrity_interfaces/msg/motor.hpp\n'}
[12.454616] (tensegrity_interfaces) StdoutLine: {'line': b'-- Symlinking: /home/pracsys/Desktop/tensegrity/ros2_ws/src/install/tensegrity_interfaces/include/tensegrity_interfaces/tensegrity_interfaces/msg/motors_stamped.hpp\n'}
[12.465686] (tensegrity_interfaces) StdoutLine: {'line': b'-- Symlinking: /home/pracsys/Desktop/tensegrity/ros2_ws/src/install/tensegrity_interfaces/include/tensegrity_interfaces/tensegrity_interfaces/msg/node.hpp\n'}
[12.476251] (tensegrity_interfaces) StdoutLine: {'line': b'-- Symlinking: /home/pracsys/Desktop/tensegrity/ros2_ws/src/install/tensegrity_interfaces/include/tensegrity_interfaces/tensegrity_interfaces/msg/nodes_stamped.hpp\n'}
[12.486545] (tensegrity_interfaces) StdoutLine: {'line': b'-- Symlinking: /home/pracsys/Desktop/tensegrity/ros2_ws/src/install/tensegrity_interfaces/include/tensegrity_interfaces/tensegrity_interfaces/msg/rosidl_generator_cpp__visibility_control.hpp\n'}
[12.497912] (tensegrity_interfaces) StdoutLine: {'line': b'-- Symlinking: /home/pracsys/Desktop/tensegrity/ros2_ws/src/install/tensegrity_interfaces/include/tensegrity_interfaces/tensegrity_interfaces/msg/sensor.hpp\n'}
[12.508593] (tensegrity_interfaces) StdoutLine: {'line': b'-- Symlinking: /home/pracsys/Desktop/tensegrity/ros2_ws/src/install/tensegrity_interfaces/include/tensegrity_interfaces/tensegrity_interfaces/msg/sensors_stamped.hpp\n'}
[12.518492] (tensegrity_interfaces) StdoutLine: {'line': b'-- Symlinking: /home/pracsys/Desktop/tensegrity/ros2_ws/src/install/tensegrity_interfaces/include/tensegrity_interfaces/tensegrity_interfaces/msg/stamped_index.hpp\n'}
[12.527552] (tensegrity_interfaces) StdoutLine: {'line': b'-- Symlinking: /home/pracsys/Desktop/tensegrity/ros2_ws/src/install/tensegrity_interfaces/include/tensegrity_interfaces/tensegrity_interfaces/msg/state.hpp\n'}
[12.539415] (tensegrity_interfaces) StdoutLine: {'line': b'-- Symlinking: /home/pracsys/Desktop/tensegrity/ros2_ws/src/install/tensegrity_interfaces/include/tensegrity_interfaces/tensegrity_interfaces/msg/tensegrity_stamped.hpp\n'}
[12.540907] (-) TimerEvent: {}
[12.549766] (tensegrity_interfaces) StdoutLine: {'line': b'-- Symlinking: /home/pracsys/Desktop/tensegrity/ros2_ws/src/install/tensegrity_interfaces/include/tensegrity_interfaces/tensegrity_interfaces/msg/trajectory.hpp\n'}
[12.563233] (tensegrity_interfaces) StdoutLine: {'line': b'-- Symlinking: /home/pracsys/Desktop/tensegrity/ros2_ws/src/install/tensegrity_interfaces/include/tensegrity_interfaces/tensegrity_interfaces/msg/detail/action__rosidl_typesupport_fastrtps_cpp.hpp\n'}
[12.574257] (tensegrity_interfaces) StdoutLine: {'line': b'-- Symlinking: /home/pracsys/Desktop/tensegrity/ros2_ws/src/install/tensegrity_interfaces/include/tensegrity_interfaces/tensegrity_interfaces/msg/detail/imu__rosidl_typesupport_fastrtps_cpp.hpp\n'}
[12.584684] (tensegrity_interfaces) StdoutLine: {'line': b'-- Symlinking: /home/pracsys/Desktop/tensegrity/ros2_ws/src/install/tensegrity_interfaces/include/tensegrity_interfaces/tensegrity_interfaces/msg/detail/imu_stamped__rosidl_typesupport_fastrtps_cpp.hpp\n'}
[12.594324] (tensegrity_interfaces) StdoutLine: {'line': b'-- Symlinking: /home/pracsys/Desktop/tensegrity/ros2_ws/src/install/tensegrity_interfaces/include/tensegrity_interfaces/tensegrity_interfaces/msg/detail/info__rosidl_typesupport_fastrtps_cpp.hpp\n'}
[12.606638] (tensegrity_interfaces) StdoutLine: {'line': b'-- Symlinking: /home/pracsys/Desktop/tensegrity/ros2_ws/src/install/tensegrity_interfaces/include/tensegrity_interfaces/tensegrity_interfaces/msg/detail/motor__rosidl_typesupport_fastrtps_cpp.hpp\n'}
[12.618092] (tensegrity_interfaces) StdoutLine: {'line': b'-- Symlinking: /home/pracsys/Desktop/tensegrity/ros2_ws/src/install/tensegrity_interfaces/include/tensegrity_interfaces/tensegrity_interfaces/msg/detail/motors_stamped__rosidl_typesupport_fastrtps_cpp.hpp\n'}
[12.628193] (tensegrity_interfaces) StdoutLine: {'line': b'-- Symlinking: /home/pracsys/Desktop/tensegrity/ros2_ws/src/install/tensegrity_interfaces/include/tensegrity_interfaces/tensegrity_interfaces/msg/detail/node__rosidl_typesupport_fastrtps_cpp.hpp\n'}
[12.637888] (tensegrity_interfaces) StdoutLine: {'line': b'-- Symlinking: /home/pracsys/Desktop/tensegrity/ros2_ws/src/install/tensegrity_interfaces/include/tensegrity_interfaces/tensegrity_interfaces/msg/detail/nodes_stamped__rosidl_typesupport_fastrtps_cpp.hpp\n'}
[12.641048] (-) TimerEvent: {}
[12.648041] (tensegrity_interfaces) StdoutLine: {'line': b'-- Symlinking: /home/pracsys/Desktop/tensegrity/ros2_ws/src/install/tensegrity_interfaces/include/tensegrity_interfaces/tensegrity_interfaces/msg/detail/sensor__rosidl_typesupport_fastrtps_cpp.hpp\n'}
[12.662526] (tensegrity_interfaces) StdoutLine: {'line': b'-- Symlinking: /home/pracsys/Desktop/tensegrity/ros2_ws/src/install/tensegrity_interfaces/include/tensegrity_interfaces/tensegrity_interfaces/msg/detail/sensors_stamped__rosidl_typesupport_fastrtps_cpp.hpp\n'}
[12.673875] (tensegrity_interfaces) StdoutLine: {'line': b'-- Symlinking: /home/pracsys/Desktop/tensegrity/ros2_ws/src/install/tensegrity_interfaces/include/tensegrity_interfaces/tensegrity_interfaces/msg/detail/stamped_index__rosidl_typesupport_fastrtps_cpp.hpp\n'}
[12.684507] (tensegrity_interfaces) StdoutLine: {'line': b'-- Symlinking: /home/pracsys/Desktop/tensegrity/ros2_ws/src/install/tensegrity_interfaces/include/tensegrity_interfaces/tensegrity_interfaces/msg/detail/state__rosidl_typesupport_fastrtps_cpp.hpp\n'}
[12.694489] (tensegrity_interfaces) StdoutLine: {'line': b'-- Symlinking: /home/pracsys/Desktop/tensegrity/ros2_ws/src/install/tensegrity_interfaces/include/tensegrity_interfaces/tensegrity_interfaces/msg/detail/tensegrity_stamped__rosidl_typesupport_fastrtps_cpp.hpp\n'}
[12.704972] (tensegrity_interfaces) StdoutLine: {'line': b'-- Symlinking: /home/pracsys/Desktop/tensegrity/ros2_ws/src/install/tensegrity_interfaces/include/tensegrity_interfaces/tensegrity_interfaces/msg/detail/trajectory__rosidl_typesupport_fastrtps_cpp.hpp\n'}
[12.715179] (tensegrity_interfaces) StdoutLine: {'line': b'-- Symlinking: /home/pracsys/Desktop/tensegrity/ros2_ws/src/install/tensegrity_interfaces/include/tensegrity_interfaces/tensegrity_interfaces/msg/rosidl_typesupport_fastrtps_cpp__visibility_control.h\n'}
[12.727156] (tensegrity_interfaces) StdoutLine: {'line': b'-- Symlinking: /home/pracsys/Desktop/tensegrity/ros2_ws/src/install/tensegrity_interfaces/include/tensegrity_interfaces/tensegrity_interfaces/msg/detail/action__rosidl_typesupport_introspection_cpp.hpp\n'}
[12.737207] (tensegrity_interfaces) StdoutLine: {'line': b'-- Symlinking: /home/pracsys/Desktop/tensegrity/ros2_ws/src/install/tensegrity_interfaces/include/tensegrity_interfaces/tensegrity_interfaces/msg/detail/imu__rosidl_typesupport_introspection_cpp.hpp\n'}
[12.741189] (-) TimerEvent: {}
[12.748544] (tensegrity_interfaces) StdoutLine: {'line': b'-- Symlinking: /home/pracsys/Desktop/tensegrity/ros2_ws/src/install/tensegrity_interfaces/include/tensegrity_interfaces/tensegrity_interfaces/msg/detail/imu_stamped__rosidl_typesupport_introspection_cpp.hpp\n'}
[12.759696] (tensegrity_interfaces) StdoutLine: {'line': b'-- Symlinking: /home/pracsys/Desktop/tensegrity/ros2_ws/src/install/tensegrity_interfaces/include/tensegrity_interfaces/tensegrity_interfaces/msg/detail/info__rosidl_typesupport_introspection_cpp.hpp\n'}
[12.772715] (tensegrity_interfaces) StdoutLine: {'line': b'-- Symlinking: /home/pracsys/Desktop/tensegrity/ros2_ws/src/install/tensegrity_interfaces/include/tensegrity_interfaces/tensegrity_interfaces/msg/detail/motor__rosidl_typesupport_introspection_cpp.hpp\n'}
[12.784660] (tensegrity_interfaces) StdoutLine: {'line': b'-- Symlinking: /home/pracsys/Desktop/tensegrity/ros2_ws/src/install/tensegrity_interfaces/include/tensegrity_interfaces/tensegrity_interfaces/msg/detail/motors_stamped__rosidl_typesupport_introspection_cpp.hpp\n'}
[12.795103] (tensegrity_interfaces) StdoutLine: {'line': b'-- Symlinking: /home/pracsys/Desktop/tensegrity/ros2_ws/src/install/tensegrity_interfaces/include/tensegrity_interfaces/tensegrity_interfaces/msg/detail/node__rosidl_typesupport_introspection_cpp.hpp\n'}
[12.805425] (tensegrity_interfaces) StdoutLine: {'line': b'-- Symlinking: /home/pracsys/Desktop/tensegrity/ros2_ws/src/install/tensegrity_interfaces/include/tensegrity_interfaces/tensegrity_interfaces/msg/detail/nodes_stamped__rosidl_typesupport_introspection_cpp.hpp\n'}
[12.815133] (tensegrity_interfaces) StdoutLine: {'line': b'-- Symlinking: /home/pracsys/Desktop/tensegrity/ros2_ws/src/install/tensegrity_interfaces/include/tensegrity_interfaces/tensegrity_interfaces/msg/detail/sensor__rosidl_typesupport_introspection_cpp.hpp\n'}
[12.826106] (tensegrity_interfaces) StdoutLine: {'line': b'-- Symlinking: /home/pracsys/Desktop/tensegrity/ros2_ws/src/install/tensegrity_interfaces/include/tensegrity_interfaces/tensegrity_interfaces/msg/detail/sensors_stamped__rosidl_typesupport_introspection_cpp.hpp\n'}
[12.836272] (tensegrity_interfaces) StdoutLine: {'line': b'-- Symlinking: /home/pracsys/Desktop/tensegrity/ros2_ws/src/install/tensegrity_interfaces/include/tensegrity_interfaces/tensegrity_interfaces/msg/detail/stamped_index__rosidl_typesupport_introspection_cpp.hpp\n'}
[12.841333] (-) TimerEvent: {}
[12.846524] (tensegrity_interfaces) StdoutLine: {'line': b'-- Symlinking: /home/pracsys/Desktop/tensegrity/ros2_ws/src/install/tensegrity_interfaces/include/tensegrity_interfaces/tensegrity_interfaces/msg/detail/state__rosidl_typesupport_introspection_cpp.hpp\n'}
[12.857458] (tensegrity_interfaces) StdoutLine: {'line': b'-- Symlinking: /home/pracsys/Desktop/tensegrity/ros2_ws/src/install/tensegrity_interfaces/include/tensegrity_interfaces/tensegrity_interfaces/msg/detail/tensegrity_stamped__rosidl_typesupport_introspection_cpp.hpp\n'}
[12.870234] (tensegrity_interfaces) StdoutLine: {'line': b'-- Symlinking: /home/pracsys/Desktop/tensegrity/ros2_ws/src/install/tensegrity_interfaces/include/tensegrity_interfaces/tensegrity_interfaces/msg/detail/trajectory__rosidl_typesupport_introspection_cpp.hpp\n'}
[12.882046] (tensegrity_interfaces) StdoutLine: {'line': b'-- Symlinking: /home/pracsys/Desktop/tensegrity/ros2_ws/src/install/tensegrity_interfaces/share/tensegrity_interfaces/environment/pythonpath.sh\n'}
[12.892822] (tensegrity_interfaces) StdoutLine: {'line': b'-- Symlinking: /home/pracsys/Desktop/tensegrity/ros2_ws/src/install/tensegrity_interfaces/share/tensegrity_interfaces/environment/pythonpath.dsv\n'}
[12.905938] (tensegrity_interfaces) StdoutLine: {'line': b'-- Symlinking: /home/pracsys/Desktop/tensegrity/ros2_ws/src/install/tensegrity_interfaces/local/lib/python3.10/dist-packages/tensegrity_interfaces-0.0.0-py3.10.egg-info/PKG-INFO\n'}
[12.916302] (tensegrity_interfaces) StdoutLine: {'line': b'-- Symlinking: /home/pracsys/Desktop/tensegrity/ros2_ws/src/install/tensegrity_interfaces/local/lib/python3.10/dist-packages/tensegrity_interfaces-0.0.0-py3.10.egg-info/SOURCES.txt\n'}
[12.927538] (tensegrity_interfaces) StdoutLine: {'line': b'-- Symlinking: /home/pracsys/Desktop/tensegrity/ros2_ws/src/install/tensegrity_interfaces/local/lib/python3.10/dist-packages/tensegrity_interfaces-0.0.0-py3.10.egg-info/dependency_links.txt\n'}
[12.937892] (tensegrity_interfaces) StdoutLine: {'line': b'-- Symlinking: /home/pracsys/Desktop/tensegrity/ros2_ws/src/install/tensegrity_interfaces/local/lib/python3.10/dist-packages/tensegrity_interfaces-0.0.0-py3.10.egg-info/top_level.txt\n'}
[12.941494] (-) TimerEvent: {}
[12.954147] (tensegrity_interfaces) StdoutLine: {'line': b'-- Symlinking: /home/pracsys/Desktop/tensegrity/ros2_ws/src/install/tensegrity_interfaces/local/lib/python3.10/dist-packages/tensegrity_interfaces/__init__.py\n'}
[12.967519] (tensegrity_interfaces) StdoutLine: {'line': b'-- Symlinking: /home/pracsys/Desktop/tensegrity/ros2_ws/src/install/tensegrity_interfaces/local/lib/python3.10/dist-packages/tensegrity_interfaces/_tensegrity_interfaces_s.ep.rosidl_typesupport_c.c\n'}
[12.979281] (tensegrity_interfaces) StdoutLine: {'line': b'-- Symlinking: /home/pracsys/Desktop/tensegrity/ros2_ws/src/install/tensegrity_interfaces/local/lib/python3.10/dist-packages/tensegrity_interfaces/_tensegrity_interfaces_s.ep.rosidl_typesupport_fastrtps_c.c\n'}
[12.988994] (tensegrity_interfaces) StdoutLine: {'line': b'-- Symlinking: /home/pracsys/Desktop/tensegrity/ros2_ws/src/install/tensegrity_interfaces/local/lib/python3.10/dist-packages/tensegrity_interfaces/_tensegrity_interfaces_s.ep.rosidl_typesupport_introspection_c.c\n'}
[12.999612] (tensegrity_interfaces) StdoutLine: {'line': b'-- Symlinking: /home/pracsys/Desktop/tensegrity/ros2_ws/src/install/tensegrity_interfaces/local/lib/python3.10/dist-packages/tensegrity_interfaces/libtensegrity_interfaces__rosidl_generator_py.so\n'}
[13.010173] (tensegrity_interfaces) StdoutLine: {'line': b'-- Symlinking: /home/pracsys/Desktop/tensegrity/ros2_ws/src/install/tensegrity_interfaces/local/lib/python3.10/dist-packages/tensegrity_interfaces/msg/__init__.py\n'}
[13.020202] (tensegrity_interfaces) StdoutLine: {'line': b'-- Symlinking: /home/pracsys/Desktop/tensegrity/ros2_ws/src/install/tensegrity_interfaces/local/lib/python3.10/dist-packages/tensegrity_interfaces/msg/_action.py\n'}
[13.031776] (tensegrity_interfaces) StdoutLine: {'line': b'-- Symlinking: /home/pracsys/Desktop/tensegrity/ros2_ws/src/install/tensegrity_interfaces/local/lib/python3.10/dist-packages/tensegrity_interfaces/msg/_action_s.c\n'}
[13.041613] (-) TimerEvent: {}
[13.042792] (tensegrity_interfaces) StdoutLine: {'line': b'-- Symlinking: /home/pracsys/Desktop/tensegrity/ros2_ws/src/install/tensegrity_interfaces/local/lib/python3.10/dist-packages/tensegrity_interfaces/msg/_imu.py\n'}
[13.055494] (tensegrity_interfaces) StdoutLine: {'line': b'-- Symlinking: /home/pracsys/Desktop/tensegrity/ros2_ws/src/install/tensegrity_interfaces/local/lib/python3.10/dist-packages/tensegrity_interfaces/msg/_imu_s.c\n'}
[13.066960] (tensegrity_interfaces) StdoutLine: {'line': b'-- Symlinking: /home/pracsys/Desktop/tensegrity/ros2_ws/src/install/tensegrity_interfaces/local/lib/python3.10/dist-packages/tensegrity_interfaces/msg/_imu_stamped.py\n'}
[13.077074] (tensegrity_interfaces) StdoutLine: {'line': b'-- Symlinking: /home/pracsys/Desktop/tensegrity/ros2_ws/src/install/tensegrity_interfaces/local/lib/python3.10/dist-packages/tensegrity_interfaces/msg/_imu_stamped_s.c\n'}
[13.088338] (tensegrity_interfaces) StdoutLine: {'line': b'-- Symlinking: /home/pracsys/Desktop/tensegrity/ros2_ws/src/install/tensegrity_interfaces/local/lib/python3.10/dist-packages/tensegrity_interfaces/msg/_info.py\n'}
[13.098349] (tensegrity_interfaces) StdoutLine: {'line': b'-- Symlinking: /home/pracsys/Desktop/tensegrity/ros2_ws/src/install/tensegrity_interfaces/local/lib/python3.10/dist-packages/tensegrity_interfaces/msg/_info_s.c\n'}
[13.108244] (tensegrity_interfaces) StdoutLine: {'line': b'-- Symlinking: /home/pracsys/Desktop/tensegrity/ros2_ws/src/install/tensegrity_interfaces/local/lib/python3.10/dist-packages/tensegrity_interfaces/msg/_motor.py\n'}
[13.117439] (tensegrity_interfaces) StdoutLine: {'line': b'-- Symlinking: /home/pracsys/Desktop/tensegrity/ros2_ws/src/install/tensegrity_interfaces/local/lib/python3.10/dist-packages/tensegrity_interfaces/msg/_motor_s.c\n'}
[13.126720] (tensegrity_interfaces) StdoutLine: {'line': b'-- Symlinking: /home/pracsys/Desktop/tensegrity/ros2_ws/src/install/tensegrity_interfaces/local/lib/python3.10/dist-packages/tensegrity_interfaces/msg/_motors_stamped.py\n'}
[13.136582] (tensegrity_interfaces) StdoutLine: {'line': b'-- Symlinking: /home/pracsys/Desktop/tensegrity/ros2_ws/src/install/tensegrity_interfaces/local/lib/python3.10/dist-packages/tensegrity_interfaces/msg/_motors_stamped_s.c\n'}
[13.141759] (-) TimerEvent: {}
[13.146585] (tensegrity_interfaces) StdoutLine: {'line': b'-- Symlinking: /home/pracsys/Desktop/tensegrity/ros2_ws/src/install/tensegrity_interfaces/local/lib/python3.10/dist-packages/tensegrity_interfaces/msg/_node.py\n'}
[13.157747] (tensegrity_interfaces) StdoutLine: {'line': b'-- Symlinking: /home/pracsys/Desktop/tensegrity/ros2_ws/src/install/tensegrity_interfaces/local/lib/python3.10/dist-packages/tensegrity_interfaces/msg/_node_s.c\n'}
[13.170687] (tensegrity_interfaces) StdoutLine: {'line': b'-- Symlinking: /home/pracsys/Desktop/tensegrity/ros2_ws/src/install/tensegrity_interfaces/local/lib/python3.10/dist-packages/tensegrity_interfaces/msg/_nodes_stamped.py\n'}
[13.183945] (tensegrity_interfaces) StdoutLine: {'line': b'-- Symlinking: /home/pracsys/Desktop/tensegrity/ros2_ws/src/install/tensegrity_interfaces/local/lib/python3.10/dist-packages/tensegrity_interfaces/msg/_nodes_stamped_s.c\n'}
[13.195166] (tensegrity_interfaces) StdoutLine: {'line': b'-- Symlinking: /home/pracsys/Desktop/tensegrity/ros2_ws/src/install/tensegrity_interfaces/local/lib/python3.10/dist-packages/tensegrity_interfaces/msg/_sensor.py\n'}
[13.206432] (tensegrity_interfaces) StdoutLine: {'line': b'-- Symlinking: /home/pracsys/Desktop/tensegrity/ros2_ws/src/install/tensegrity_interfaces/local/lib/python3.10/dist-packages/tensegrity_interfaces/msg/_sensor_s.c\n'}
[13.216708] (tensegrity_interfaces) StdoutLine: {'line': b'-- Symlinking: /home/pracsys/Desktop/tensegrity/ros2_ws/src/install/tensegrity_interfaces/local/lib/python3.10/dist-packages/tensegrity_interfaces/msg/_sensors_stamped.py\n'}
[13.229555] (tensegrity_interfaces) StdoutLine: {'line': b'-- Symlinking: /home/pracsys/Desktop/tensegrity/ros2_ws/src/install/tensegrity_interfaces/local/lib/python3.10/dist-packages/tensegrity_interfaces/msg/_sensors_stamped_s.c\n'}
[13.240498] (tensegrity_interfaces) StdoutLine: {'line': b'-- Symlinking: /home/pracsys/Desktop/tensegrity/ros2_ws/src/install/tensegrity_interfaces/local/lib/python3.10/dist-packages/tensegrity_interfaces/msg/_stamped_index.py\n'}
[13.241878] (-) TimerEvent: {}
[13.251259] (tensegrity_interfaces) StdoutLine: {'line': b'-- Symlinking: /home/pracsys/Desktop/tensegrity/ros2_ws/src/install/tensegrity_interfaces/local/lib/python3.10/dist-packages/tensegrity_interfaces/msg/_stamped_index_s.c\n'}
[13.269580] (tensegrity_interfaces) StdoutLine: {'line': b'-- Symlinking: /home/pracsys/Desktop/tensegrity/ros2_ws/src/install/tensegrity_interfaces/local/lib/python3.10/dist-packages/tensegrity_interfaces/msg/_state.py\n'}
[13.283068] (tensegrity_interfaces) StdoutLine: {'line': b'-- Symlinking: /home/pracsys/Desktop/tensegrity/ros2_ws/src/install/tensegrity_interfaces/local/lib/python3.10/dist-packages/tensegrity_interfaces/msg/_state_s.c\n'}
[13.300216] (tensegrity_interfaces) StdoutLine: {'line': b'-- Symlinking: /home/pracsys/Desktop/tensegrity/ros2_ws/src/install/tensegrity_interfaces/local/lib/python3.10/dist-packages/tensegrity_interfaces/msg/_tensegrity_stamped.py\n'}
[13.315031] (tensegrity_interfaces) StdoutLine: {'line': b'-- Symlinking: /home/pracsys/Desktop/tensegrity/ros2_ws/src/install/tensegrity_interfaces/local/lib/python3.10/dist-packages/tensegrity_interfaces/msg/_tensegrity_stamped_s.c\n'}
[13.326480] (tensegrity_interfaces) StdoutLine: {'line': b'-- Symlinking: /home/pracsys/Desktop/tensegrity/ros2_ws/src/install/tensegrity_interfaces/local/lib/python3.10/dist-packages/tensegrity_interfaces/msg/_trajectory.py\n'}
[13.338500] (tensegrity_interfaces) StdoutLine: {'line': b'-- Symlinking: /home/pracsys/Desktop/tensegrity/ros2_ws/src/install/tensegrity_interfaces/local/lib/python3.10/dist-packages/tensegrity_interfaces/msg/_trajectory_s.c\n'}
[13.341973] (-) TimerEvent: {}
[13.350143] (tensegrity_interfaces) StdoutLine: {'line': b'-- Symlinking: /home/pracsys/Desktop/tensegrity/ros2_ws/src/install/tensegrity_interfaces/local/lib/python3.10/dist-packages/tensegrity_interfaces/tensegrity_interfaces_s__rosidl_typesupport_c.cpython-310-x86_64-linux-gnu.so\n'}
[13.361425] (tensegrity_interfaces) StdoutLine: {'line': b'-- Symlinking: /home/pracsys/Desktop/tensegrity/ros2_ws/src/install/tensegrity_interfaces/local/lib/python3.10/dist-packages/tensegrity_interfaces/tensegrity_interfaces_s__rosidl_typesupport_fastrtps_c.cpython-310-x86_64-linux-gnu.so\n'}
[13.371154] (tensegrity_interfaces) StdoutLine: {'line': b'-- Symlinking: /home/pracsys/Desktop/tensegrity/ros2_ws/src/install/tensegrity_interfaces/local/lib/python3.10/dist-packages/tensegrity_interfaces/tensegrity_interfaces_s__rosidl_typesupport_introspection_c.cpython-310-x86_64-linux-gnu.so\n'}
[13.381154] (tensegrity_interfaces) StdoutLine: {'line': b'-- Up-to-date symlink: /home/pracsys/Desktop/tensegrity/ros2_ws/src/install/tensegrity_interfaces/local/lib/python3.10/dist-packages/tensegrity_interfaces/tensegrity_interfaces_s__rosidl_typesupport_fastrtps_c.cpython-310-x86_64-linux-gnu.so\n'}
[13.381542] (tensegrity_interfaces) StdoutLine: {'line': b'-- Up-to-date symlink: /home/pracsys/Desktop/tensegrity/ros2_ws/src/install/tensegrity_interfaces/local/lib/python3.10/dist-packages/tensegrity_interfaces/tensegrity_interfaces_s__rosidl_typesupport_introspection_c.cpython-310-x86_64-linux-gnu.so\n'}
[13.381851] (tensegrity_interfaces) StdoutLine: {'line': b'-- Up-to-date symlink: /home/pracsys/Desktop/tensegrity/ros2_ws/src/install/tensegrity_interfaces/local/lib/python3.10/dist-packages/tensegrity_interfaces/tensegrity_interfaces_s__rosidl_typesupport_c.cpython-310-x86_64-linux-gnu.so\n'}
[13.382099] (tensegrity_interfaces) StdoutLine: {'line': b'-- Symlinking: /home/pracsys/Desktop/tensegrity/ros2_ws/src/install/tensegrity_interfaces/share/ament_index/resource_index/rust_packages/tensegrity_interfaces\n'}
[13.391631] (tensegrity_interfaces) StdoutLine: {'line': b'-- Symlinking: /home/pracsys/Desktop/tensegrity/ros2_ws/src/install/tensegrity_interfaces/share/tensegrity_interfaces/rust/Cargo.toml\n'}
[13.400434] (tensegrity_interfaces) StdoutLine: {'line': b'-- Symlinking: /home/pracsys/Desktop/tensegrity/ros2_ws/src/install/tensegrity_interfaces/share/tensegrity_interfaces/rust/build.rs\n'}
[13.409765] (tensegrity_interfaces) StdoutLine: {'line': b'-- Symlinking: /home/pracsys/Desktop/tensegrity/ros2_ws/src/install/tensegrity_interfaces/share/tensegrity_interfaces/rust/src/lib.rs\n'}
[13.418538] (tensegrity_interfaces) StdoutLine: {'line': b'-- Symlinking: /home/pracsys/Desktop/tensegrity/ros2_ws/src/install/tensegrity_interfaces/share/tensegrity_interfaces/rust/src/msg.rs\n'}
[13.427456] (tensegrity_interfaces) StdoutLine: {'line': b'-- Symlinking: /home/pracsys/Desktop/tensegrity/ros2_ws/src/install/tensegrity_interfaces/share/tensegrity_interfaces/rust/src/msg/rmw.rs\n'}
[13.436424] (tensegrity_interfaces) StdoutLine: {'line': b'-- Symlinking: /home/pracsys/Desktop/tensegrity/ros2_ws/src/install/tensegrity_interfaces/share/tensegrity_interfaces/msg/Node.idl\n'}
[13.442121] (-) TimerEvent: {}
[13.445245] (tensegrity_interfaces) StdoutLine: {'line': b'-- Symlinking: /home/pracsys/Desktop/tensegrity/ros2_ws/src/install/tensegrity_interfaces/share/tensegrity_interfaces/msg/Motor.idl\n'}
[13.455151] (tensegrity_interfaces) StdoutLine: {'line': b'-- Symlinking: /home/pracsys/Desktop/tensegrity/ros2_ws/src/install/tensegrity_interfaces/share/tensegrity_interfaces/msg/Info.idl\n'}
[13.465432] (tensegrity_interfaces) StdoutLine: {'line': b'-- Symlinking: /home/pracsys/Desktop/tensegrity/ros2_ws/src/install/tensegrity_interfaces/share/tensegrity_interfaces/msg/Sensor.idl\n'}
[13.475208] (tensegrity_interfaces) StdoutLine: {'line': b'-- Symlinking: /home/pracsys/Desktop/tensegrity/ros2_ws/src/install/tensegrity_interfaces/share/tensegrity_interfaces/msg/Imu.idl\n'}
[13.484288] (tensegrity_interfaces) StdoutLine: {'line': b'-- Symlinking: /home/pracsys/Desktop/tensegrity/ros2_ws/src/install/tensegrity_interfaces/share/tensegrity_interfaces/msg/MotorsStamped.idl\n'}
[13.493612] (tensegrity_interfaces) StdoutLine: {'line': b'-- Symlinking: /home/pracsys/Desktop/tensegrity/ros2_ws/src/install/tensegrity_interfaces/share/tensegrity_interfaces/msg/SensorsStamped.idl\n'}
[13.502769] (tensegrity_interfaces) StdoutLine: {'line': b'-- Symlinking: /home/pracsys/Desktop/tensegrity/ros2_ws/src/install/tensegrity_interfaces/share/tensegrity_interfaces/msg/ImuStamped.idl\n'}
[13.512180] (tensegrity_interfaces) StdoutLine: {'line': b'-- Symlinking: /home/pracsys/Desktop/tensegrity/ros2_ws/src/install/tensegrity_interfaces/share/tensegrity_interfaces/msg/NodesStamped.idl\n'}
[13.522532] (tensegrity_interfaces) StdoutLine: {'line': b'-- Symlinking: /home/pracsys/Desktop/tensegrity/ros2_ws/src/install/tensegrity_interfaces/share/tensegrity_interfaces/msg/StampedIndex.idl\n'}
[13.532179] (tensegrity_interfaces) StdoutLine: {'line': b'-- Symlinking: /home/pracsys/Desktop/tensegrity/ros2_ws/src/install/tensegrity_interfaces/share/tensegrity_interfaces/msg/Trajectory.idl\n'}
[13.542008] (tensegrity_interfaces) StdoutLine: {'line': b'-- Symlinking: /home/pracsys/Desktop/tensegrity/ros2_ws/src/install/tensegrity_interfaces/share/tensegrity_interfaces/msg/TensegrityStamped.idl\n'}
[13.542182] (-) TimerEvent: {}
[13.553923] (tensegrity_interfaces) StdoutLine: {'line': b'-- Symlinking: /home/pracsys/Desktop/tensegrity/ros2_ws/src/install/tensegrity_interfaces/share/tensegrity_interfaces/msg/State.idl\n'}
[13.565080] (tensegrity_interfaces) StdoutLine: {'line': b'-- Symlinking: /home/pracsys/Desktop/tensegrity/ros2_ws/src/install/tensegrity_interfaces/share/tensegrity_interfaces/msg/Action.idl\n'}
[13.575486] (tensegrity_interfaces) StdoutLine: {'line': b'-- Symlinking: /home/pracsys/Desktop/tensegrity/ros2_ws/src/install/tensegrity_interfaces/share/tensegrity_interfaces/msg/Node.msg\n'}
[13.585673] (tensegrity_interfaces) StdoutLine: {'line': b'-- Symlinking: /home/pracsys/Desktop/tensegrity/ros2_ws/src/install/tensegrity_interfaces/share/tensegrity_interfaces/msg/Motor.msg\n'}
[13.597089] (tensegrity_interfaces) StdoutLine: {'line': b'-- Symlinking: /home/pracsys/Desktop/tensegrity/ros2_ws/src/install/tensegrity_interfaces/share/tensegrity_interfaces/msg/Info.msg\n'}
[13.607113] (tensegrity_interfaces) StdoutLine: {'line': b'-- Symlinking: /home/pracsys/Desktop/tensegrity/ros2_ws/src/install/tensegrity_interfaces/share/tensegrity_interfaces/msg/Sensor.msg\n'}
[13.619102] (tensegrity_interfaces) StdoutLine: {'line': b'-- Symlinking: /home/pracsys/Desktop/tensegrity/ros2_ws/src/install/tensegrity_interfaces/share/tensegrity_interfaces/msg/Imu.msg\n'}
[13.629657] (tensegrity_interfaces) StdoutLine: {'line': b'-- Symlinking: /home/pracsys/Desktop/tensegrity/ros2_ws/src/install/tensegrity_interfaces/share/tensegrity_interfaces/msg/MotorsStamped.msg\n'}
[13.639915] (tensegrity_interfaces) StdoutLine: {'line': b'-- Symlinking: /home/pracsys/Desktop/tensegrity/ros2_ws/src/install/tensegrity_interfaces/share/tensegrity_interfaces/msg/SensorsStamped.msg\n'}
[13.642287] (-) TimerEvent: {}
[13.649487] (tensegrity_interfaces) StdoutLine: {'line': b'-- Symlinking: /home/pracsys/Desktop/tensegrity/ros2_ws/src/install/tensegrity_interfaces/share/tensegrity_interfaces/msg/ImuStamped.msg\n'}
[13.660401] (tensegrity_interfaces) StdoutLine: {'line': b'-- Symlinking: /home/pracsys/Desktop/tensegrity/ros2_ws/src/install/tensegrity_interfaces/share/tensegrity_interfaces/msg/NodesStamped.msg\n'}
[13.671175] (tensegrity_interfaces) StdoutLine: {'line': b'-- Symlinking: /home/pracsys/Desktop/tensegrity/ros2_ws/src/install/tensegrity_interfaces/share/tensegrity_interfaces/msg/StampedIndex.msg\n'}
[13.681414] (tensegrity_interfaces) StdoutLine: {'line': b'-- Symlinking: /home/pracsys/Desktop/tensegrity/ros2_ws/src/install/tensegrity_interfaces/share/tensegrity_interfaces/msg/Trajectory.msg\n'}
[13.691166] (tensegrity_interfaces) StdoutLine: {'line': b'-- Symlinking: /home/pracsys/Desktop/tensegrity/ros2_ws/src/install/tensegrity_interfaces/share/tensegrity_interfaces/msg/TensegrityStamped.msg\n'}
[13.703364] (tensegrity_interfaces) StdoutLine: {'line': b'-- Symlinking: /home/pracsys/Desktop/tensegrity/ros2_ws/src/install/tensegrity_interfaces/share/tensegrity_interfaces/msg/State.msg\n'}
[13.713255] (tensegrity_interfaces) StdoutLine: {'line': b'-- Symlinking: /home/pracsys/Desktop/tensegrity/ros2_ws/src/install/tensegrity_interfaces/share/tensegrity_interfaces/msg/Action.msg\n'}
[13.722720] (tensegrity_interfaces) StdoutLine: {'line': b'-- Symlinking: /home/pracsys/Desktop/tensegrity/ros2_ws/src/install/tensegrity_interfaces/share/ament_index/resource_index/package_run_dependencies/tensegrity_interfaces\n'}
[13.733775] (tensegrity_interfaces) StdoutLine: {'line': b'-- Symlinking: /home/pracsys/Desktop/tensegrity/ros2_ws/src/install/tensegrity_interfaces/share/ament_index/resource_index/parent_prefix_path/tensegrity_interfaces\n'}
[13.742443] (-) TimerEvent: {}
[13.743576] (tensegrity_interfaces) StdoutLine: {'line': b'-- Symlinking: /home/pracsys/Desktop/tensegrity/ros2_ws/src/install/tensegrity_interfaces/share/tensegrity_interfaces/environment/ament_prefix_path.sh\n'}
[13.755050] (tensegrity_interfaces) StdoutLine: {'line': b'-- Symlinking: /home/pracsys/Desktop/tensegrity/ros2_ws/src/install/tensegrity_interfaces/share/tensegrity_interfaces/environment/ament_prefix_path.dsv\n'}
[13.766413] (tensegrity_interfaces) StdoutLine: {'line': b'-- Symlinking: /home/pracsys/Desktop/tensegrity/ros2_ws/src/install/tensegrity_interfaces/share/tensegrity_interfaces/environment/path.sh\n'}
[13.777146] (tensegrity_interfaces) StdoutLine: {'line': b'-- Symlinking: /home/pracsys/Desktop/tensegrity/ros2_ws/src/install/tensegrity_interfaces/share/tensegrity_interfaces/environment/path.dsv\n'}
[13.787107] (tensegrity_interfaces) StdoutLine: {'line': b'-- Symlinking: /home/pracsys/Desktop/tensegrity/ros2_ws/src/install/tensegrity_interfaces/share/tensegrity_interfaces/local_setup.bash\n'}
[13.798266] (tensegrity_interfaces) StdoutLine: {'line': b'-- Symlinking: /home/pracsys/Desktop/tensegrity/ros2_ws/src/install/tensegrity_interfaces/share/tensegrity_interfaces/local_setup.sh\n'}
[13.808168] (tensegrity_interfaces) StdoutLine: {'line': b'-- Symlinking: /home/pracsys/Desktop/tensegrity/ros2_ws/src/install/tensegrity_interfaces/share/tensegrity_interfaces/local_setup.zsh\n'}
[13.817535] (tensegrity_interfaces) StdoutLine: {'line': b'-- Symlinking: /home/pracsys/Desktop/tensegrity/ros2_ws/src/install/tensegrity_interfaces/share/tensegrity_interfaces/local_setup.dsv\n'}
[13.826883] (tensegrity_interfaces) StdoutLine: {'line': b'-- Symlinking: /home/pracsys/Desktop/tensegrity/ros2_ws/src/install/tensegrity_interfaces/share/tensegrity_interfaces/package.dsv\n'}
[13.836197] (tensegrity_interfaces) StdoutLine: {'line': b'-- Symlinking: /home/pracsys/Desktop/tensegrity/ros2_ws/src/install/tensegrity_interfaces/share/ament_index/resource_index/packages/tensegrity_interfaces\n'}
[13.842584] (-) TimerEvent: {}
[13.845416] (tensegrity_interfaces) StdoutLine: {'line': b'-- Symlinking: /home/pracsys/Desktop/tensegrity/ros2_ws/src/install/tensegrity_interfaces/share/tensegrity_interfaces/cmake/rosidl_cmake-extras.cmake\n'}
[13.854980] (tensegrity_interfaces) StdoutLine: {'line': b'-- Symlinking: /home/pracsys/Desktop/tensegrity/ros2_ws/src/install/tensegrity_interfaces/share/tensegrity_interfaces/cmake/ament_cmake_export_dependencies-extras.cmake\n'}
[13.865707] (tensegrity_interfaces) StdoutLine: {'line': b'-- Symlinking: /home/pracsys/Desktop/tensegrity/ros2_ws/src/install/tensegrity_interfaces/share/tensegrity_interfaces/cmake/ament_cmake_export_include_directories-extras.cmake\n'}
[13.876213] (tensegrity_interfaces) StdoutLine: {'line': b'-- Symlinking: /home/pracsys/Desktop/tensegrity/ros2_ws/src/install/tensegrity_interfaces/share/tensegrity_interfaces/cmake/ament_cmake_export_libraries-extras.cmake\n'}
[13.886735] (tensegrity_interfaces) StdoutLine: {'line': b'-- Symlinking: /home/pracsys/Desktop/tensegrity/ros2_ws/src/install/tensegrity_interfaces/share/tensegrity_interfaces/cmake/ament_cmake_export_targets-extras.cmake\n'}
[13.897225] (tensegrity_interfaces) StdoutLine: {'line': b'-- Symlinking: /home/pracsys/Desktop/tensegrity/ros2_ws/src/install/tensegrity_interfaces/share/tensegrity_interfaces/cmake/rosidl_cmake_export_typesupport_targets-extras.cmake\n'}
[13.907824] (tensegrity_interfaces) StdoutLine: {'line': b'-- Symlinking: /home/pracsys/Desktop/tensegrity/ros2_ws/src/install/tensegrity_interfaces/share/tensegrity_interfaces/cmake/rosidl_cmake_export_typesupport_libraries-extras.cmake\n'}
[13.917986] (tensegrity_interfaces) StdoutLine: {'line': b'-- Symlinking: /home/pracsys/Desktop/tensegrity/ros2_ws/src/install/tensegrity_interfaces/share/tensegrity_interfaces/cmake/tensegrity_interfacesConfig.cmake\n'}
[13.928113] (tensegrity_interfaces) StdoutLine: {'line': b'-- Symlinking: /home/pracsys/Desktop/tensegrity/ros2_ws/src/install/tensegrity_interfaces/share/tensegrity_interfaces/cmake/tensegrity_interfacesConfig-version.cmake\n'}
[13.938342] (tensegrity_interfaces) StdoutLine: {'line': b'-- Symlinking: /home/pracsys/Desktop/tensegrity/ros2_ws/src/install/tensegrity_interfaces/share/tensegrity_interfaces/package.xml\n'}
[13.942726] (-) TimerEvent: {}
[13.949026] (tensegrity_interfaces) StdoutLine: {'line': b'-- Installing: /home/pracsys/Desktop/tensegrity/ros2_ws/src/install/tensegrity_interfaces/lib/libtensegrity_interfaces__rosidl_generator_c.so\n'}
[13.950278] (tensegrity_interfaces) StdoutLine: {'line': b'-- Set runtime path of "/home/pracsys/Desktop/tensegrity/ros2_ws/src/install/tensegrity_interfaces/lib/libtensegrity_interfaces__rosidl_generator_c.so" to ""\n'}
[13.950643] (tensegrity_interfaces) StdoutLine: {'line': b'-- Installing: /home/pracsys/Desktop/tensegrity/ros2_ws/src/install/tensegrity_interfaces/lib/libtensegrity_interfaces__rosidl_typesupport_fastrtps_c.so\n'}
[13.951717] (tensegrity_interfaces) StdoutLine: {'line': b'-- Set runtime path of "/home/pracsys/Desktop/tensegrity/ros2_ws/src/install/tensegrity_interfaces/lib/libtensegrity_interfaces__rosidl_typesupport_fastrtps_c.so" to ""\n'}
[13.952098] (tensegrity_interfaces) StdoutLine: {'line': b'-- Installing: /home/pracsys/Desktop/tensegrity/ros2_ws/src/install/tensegrity_interfaces/lib/libtensegrity_interfaces__rosidl_typesupport_introspection_c.so\n'}
[13.953071] (tensegrity_interfaces) StdoutLine: {'line': b'-- Set runtime path of "/home/pracsys/Desktop/tensegrity/ros2_ws/src/install/tensegrity_interfaces/lib/libtensegrity_interfaces__rosidl_typesupport_introspection_c.so" to ""\n'}
[13.953391] (tensegrity_interfaces) StdoutLine: {'line': b'-- Installing: /home/pracsys/Desktop/tensegrity/ros2_ws/src/install/tensegrity_interfaces/lib/libtensegrity_interfaces__rosidl_typesupport_c.so\n'}
[13.954228] (tensegrity_interfaces) StdoutLine: {'line': b'-- Set runtime path of "/home/pracsys/Desktop/tensegrity/ros2_ws/src/install/tensegrity_interfaces/lib/libtensegrity_interfaces__rosidl_typesupport_c.so" to ""\n'}
[13.954565] (tensegrity_interfaces) StdoutLine: {'line': b'-- Installing: /home/pracsys/Desktop/tensegrity/ros2_ws/src/install/tensegrity_interfaces/lib/libtensegrity_interfaces__rosidl_typesupport_fastrtps_cpp.so\n'}
[13.956050] (tensegrity_interfaces) StdoutLine: {'line': b'-- Set runtime path of "/home/pracsys/Desktop/tensegrity/ros2_ws/src/install/tensegrity_interfaces/lib/libtensegrity_interfaces__rosidl_typesupport_fastrtps_cpp.so" to ""\n'}
[13.956397] (tensegrity_interfaces) StdoutLine: {'line': b'-- Installing: /home/pracsys/Desktop/tensegrity/ros2_ws/src/install/tensegrity_interfaces/lib/libtensegrity_interfaces__rosidl_typesupport_introspection_cpp.so\n'}
[13.957858] (tensegrity_interfaces) StdoutLine: {'line': b'-- Set runtime path of "/home/pracsys/Desktop/tensegrity/ros2_ws/src/install/tensegrity_interfaces/lib/libtensegrity_interfaces__rosidl_typesupport_introspection_cpp.so" to ""\n'}
[13.958260] (tensegrity_interfaces) StdoutLine: {'line': b'-- Installing: /home/pracsys/Desktop/tensegrity/ros2_ws/src/install/tensegrity_interfaces/lib/libtensegrity_interfaces__rosidl_typesupport_cpp.so\n'}
[13.959112] (tensegrity_interfaces) StdoutLine: {'line': b'-- Set runtime path of "/home/pracsys/Desktop/tensegrity/ros2_ws/src/install/tensegrity_interfaces/lib/libtensegrity_interfaces__rosidl_typesupport_cpp.so" to ""\n'}
[14.019817] (tensegrity_interfaces) StdoutLine: {'line': b"Listing '/home/pracsys/Desktop/tensegrity/ros2_ws/src/install/tensegrity_interfaces/local/lib/python3.10/dist-packages/tensegrity_interfaces'...\n"}
[14.020140] (tensegrity_interfaces) StdoutLine: {'line': b"Compiling '/home/pracsys/Desktop/tensegrity/ros2_ws/src/install/tensegrity_interfaces/local/lib/python3.10/dist-packages/tensegrity_interfaces/__init__.py'...\n"}
[14.020319] (tensegrity_interfaces) StdoutLine: {'line': b"Listing '/home/pracsys/Desktop/tensegrity/ros2_ws/src/install/tensegrity_interfaces/local/lib/python3.10/dist-packages/tensegrity_interfaces/msg'...\n"}
[14.020520] (tensegrity_interfaces) StdoutLine: {'line': b"Compiling '/home/pracsys/Desktop/tensegrity/ros2_ws/src/install/tensegrity_interfaces/local/lib/python3.10/dist-packages/tensegrity_interfaces/msg/__init__.py'...\n"}
[14.020683] (tensegrity_interfaces) StdoutLine: {'line': b"Compiling '/home/pracsys/Desktop/tensegrity/ros2_ws/src/install/tensegrity_interfaces/local/lib/python3.10/dist-packages/tensegrity_interfaces/msg/_action.py'...\n"}
[14.020834] (tensegrity_interfaces) StdoutLine: {'line': b"Compiling '/home/pracsys/Desktop/tensegrity/ros2_ws/src/install/tensegrity_interfaces/local/lib/python3.10/dist-packages/tensegrity_interfaces/msg/_imu.py'...\n"}
[14.020980] (tensegrity_interfaces) StdoutLine: {'line': b"Compiling '/home/pracsys/Desktop/tensegrity/ros2_ws/src/install/tensegrity_interfaces/local/lib/python3.10/dist-packages/tensegrity_interfaces/msg/_imu_stamped.py'...\n"}
[14.021126] (tensegrity_interfaces) StdoutLine: {'line': b"Compiling '/home/pracsys/Desktop/tensegrity/ros2_ws/src/install/tensegrity_interfaces/local/lib/python3.10/dist-packages/tensegrity_interfaces/msg/_info.py'...\n"}
[14.021294] (tensegrity_interfaces) StdoutLine: {'line': b"Compiling '/home/pracsys/Desktop/tensegrity/ros2_ws/src/install/tensegrity_interfaces/local/lib/python3.10/dist-packages/tensegrity_interfaces/msg/_motor.py'...\n"}
[14.021479] (tensegrity_interfaces) StdoutLine: {'line': b"Compiling '/home/pracsys/Desktop/tensegrity/ros2_ws/src/install/tensegrity_interfaces/local/lib/python3.10/dist-packages/tensegrity_interfaces/msg/_motors_stamped.py'...\n"}
[14.021657] (tensegrity_interfaces) StdoutLine: {'line': b"Compiling '/home/pracsys/Desktop/tensegrity/ros2_ws/src/install/tensegrity_interfaces/local/lib/python3.10/dist-packages/tensegrity_interfaces/msg/_node.py'...\n"}
[14.021805] (tensegrity_interfaces) StdoutLine: {'line': b"Compiling '/home/pracsys/Desktop/tensegrity/ros2_ws/src/install/tensegrity_interfaces/local/lib/python3.10/dist-packages/tensegrity_interfaces/msg/_nodes_stamped.py'...\n"}
[14.021951] (tensegrity_interfaces) StdoutLine: {'line': b"Compiling '/home/pracsys/Desktop/tensegrity/ros2_ws/src/install/tensegrity_interfaces/local/lib/python3.10/dist-packages/tensegrity_interfaces/msg/_sensor.py'...\n"}
[14.022096] (tensegrity_interfaces) StdoutLine: {'line': b"Compiling '/home/pracsys/Desktop/tensegrity/ros2_ws/src/install/tensegrity_interfaces/local/lib/python3.10/dist-packages/tensegrity_interfaces/msg/_sensors_stamped.py'...\n"}
[14.022240] (tensegrity_interfaces) StdoutLine: {'line': b"Compiling '/home/pracsys/Desktop/tensegrity/ros2_ws/src/install/tensegrity_interfaces/local/lib/python3.10/dist-packages/tensegrity_interfaces/msg/_stamped_index.py'...\n"}
[14.022397] (tensegrity_interfaces) StdoutLine: {'line': b"Compiling '/home/pracsys/Desktop/tensegrity/ros2_ws/src/install/tensegrity_interfaces/local/lib/python3.10/dist-packages/tensegrity_interfaces/msg/_state.py'...\n"}
[14.022569] (tensegrity_interfaces) StdoutLine: {'line': b"Compiling '/home/pracsys/Desktop/tensegrity/ros2_ws/src/install/tensegrity_interfaces/local/lib/python3.10/dist-packages/tensegrity_interfaces/msg/_tensegrity_stamped.py'...\n"}
[14.022717] (tensegrity_interfaces) StdoutLine: {'line': b"Compiling '/home/pracsys/Desktop/tensegrity/ros2_ws/src/install/tensegrity_interfaces/local/lib/python3.10/dist-packages/tensegrity_interfaces/msg/_trajectory.py'...\n"}
[14.025064] (tensegrity_interfaces) StdoutLine: {'line': b'-- Installing: /home/pracsys/Desktop/tensegrity/ros2_ws/src/install/tensegrity_interfaces/lib/libtensegrity_interfaces__rosidl_generator_py.so\n'}
[14.026342] (tensegrity_interfaces) StdoutLine: {'line': b'-- Set runtime path of "/home/pracsys/Desktop/tensegrity/ros2_ws/src/install/tensegrity_interfaces/lib/libtensegrity_interfaces__rosidl_generator_py.so" to ""\n'}
[14.026699] (tensegrity_interfaces) StdoutLine: {'line': b'-- Installing: /home/pracsys/Desktop/tensegrity/ros2_ws/src/install/tensegrity_interfaces/share/tensegrity_interfaces/cmake/export_tensegrity_interfaces__rosidl_generator_cExport.cmake\n'}
[14.026990] (tensegrity_interfaces) StdoutLine: {'line': b'-- Installing: /home/pracsys/Desktop/tensegrity/ros2_ws/src/install/tensegrity_interfaces/share/tensegrity_interfaces/cmake/export_tensegrity_interfaces__rosidl_generator_cExport-noconfig.cmake\n'}
[14.027343] (tensegrity_interfaces) StdoutLine: {'line': b'-- Installing: /home/pracsys/Desktop/tensegrity/ros2_ws/src/install/tensegrity_interfaces/share/tensegrity_interfaces/cmake/export_tensegrity_interfaces__rosidl_typesupport_fastrtps_cExport.cmake\n'}
[14.027810] (tensegrity_interfaces) StdoutLine: {'line': b'-- Installing: /home/pracsys/Desktop/tensegrity/ros2_ws/src/install/tensegrity_interfaces/share/tensegrity_interfaces/cmake/export_tensegrity_interfaces__rosidl_typesupport_fastrtps_cExport-noconfig.cmake\n'}
[14.028146] (tensegrity_interfaces) StdoutLine: {'line': b'-- Installing: /home/pracsys/Desktop/tensegrity/ros2_ws/src/install/tensegrity_interfaces/share/tensegrity_interfaces/cmake/tensegrity_interfaces__rosidl_typesupport_introspection_cExport.cmake\n'}
[14.028572] (tensegrity_interfaces) StdoutLine: {'line': b'-- Installing: /home/pracsys/Desktop/tensegrity/ros2_ws/src/install/tensegrity_interfaces/share/tensegrity_interfaces/cmake/tensegrity_interfaces__rosidl_typesupport_introspection_cExport-noconfig.cmake\n'}
[14.028971] (tensegrity_interfaces) StdoutLine: {'line': b'-- Installing: /home/pracsys/Desktop/tensegrity/ros2_ws/src/install/tensegrity_interfaces/share/tensegrity_interfaces/cmake/tensegrity_interfaces__rosidl_typesupport_cExport.cmake\n'}
[14.029291] (tensegrity_interfaces) StdoutLine: {'line': b'-- Installing: /home/pracsys/Desktop/tensegrity/ros2_ws/src/install/tensegrity_interfaces/share/tensegrity_interfaces/cmake/tensegrity_interfaces__rosidl_typesupport_cExport-noconfig.cmake\n'}
[14.029693] (tensegrity_interfaces) StdoutLine: {'line': b'-- Installing: /home/pracsys/Desktop/tensegrity/ros2_ws/src/install/tensegrity_interfaces/share/tensegrity_interfaces/cmake/export_tensegrity_interfaces__rosidl_generator_cppExport.cmake\n'}
[14.030085] (tensegrity_interfaces) StdoutLine: {'line': b'-- Installing: /home/pracsys/Desktop/tensegrity/ros2_ws/src/install/tensegrity_interfaces/share/tensegrity_interfaces/cmake/export_tensegrity_interfaces__rosidl_typesupport_fastrtps_cppExport.cmake\n'}
[14.030468] (tensegrity_interfaces) StdoutLine: {'line': b'-- Installing: /home/pracsys/Desktop/tensegrity/ros2_ws/src/install/tensegrity_interfaces/share/tensegrity_interfaces/cmake/export_tensegrity_interfaces__rosidl_typesupport_fastrtps_cppExport-noconfig.cmake\n'}
[14.030863] (tensegrity_interfaces) StdoutLine: {'line': b'-- Installing: /home/pracsys/Desktop/tensegrity/ros2_ws/src/install/tensegrity_interfaces/share/tensegrity_interfaces/cmake/tensegrity_interfaces__rosidl_typesupport_introspection_cppExport.cmake\n'}
[14.031223] (tensegrity_interfaces) StdoutLine: {'line': b'-- Installing: /home/pracsys/Desktop/tensegrity/ros2_ws/src/install/tensegrity_interfaces/share/tensegrity_interfaces/cmake/tensegrity_interfaces__rosidl_typesupport_introspection_cppExport-noconfig.cmake\n'}
[14.031722] (tensegrity_interfaces) StdoutLine: {'line': b'-- Installing: /home/pracsys/Desktop/tensegrity/ros2_ws/src/install/tensegrity_interfaces/share/tensegrity_interfaces/cmake/tensegrity_interfaces__rosidl_typesupport_cppExport.cmake\n'}
[14.032046] (tensegrity_interfaces) StdoutLine: {'line': b'-- Installing: /home/pracsys/Desktop/tensegrity/ros2_ws/src/install/tensegrity_interfaces/share/tensegrity_interfaces/cmake/tensegrity_interfaces__rosidl_typesupport_cppExport-noconfig.cmake\n'}
[14.032435] (tensegrity_interfaces) StdoutLine: {'line': b'-- Installing: /home/pracsys/Desktop/tensegrity/ros2_ws/src/install/tensegrity_interfaces/share/tensegrity_interfaces/cmake/export_tensegrity_interfaces__rosidl_generator_pyExport.cmake\n'}
[14.032808] (tensegrity_interfaces) StdoutLine: {'line': b'-- Installing: /home/pracsys/Desktop/tensegrity/ros2_ws/src/install/tensegrity_interfaces/share/tensegrity_interfaces/cmake/export_tensegrity_interfaces__rosidl_generator_pyExport-noconfig.cmake\n'}
[14.037725] (tensegrity_interfaces) CommandEnded: {'returncode': 0}
[14.043023] (-) TimerEvent: {}
[14.081496] (tensegrity_interfaces) JobEnded: {'identifier': 'tensegrity_interfaces', 'rc': 0}
[14.083753] (tensegrity_driver) JobStarted: {'identifier': 'tensegrity_driver'}
[14.092980] (tensegrity_planning) JobStarted: {'identifier': 'tensegrity_planning'}
[14.143147] (-) TimerEvent: {}
[14.243522] (-) TimerEvent: {}
[14.343862] (-) TimerEvent: {}
[14.444208] (-) TimerEvent: {}
[14.544458] (-) TimerEvent: {}
[14.644799] (-) TimerEvent: {}
[14.745170] (-) TimerEvent: {}
[14.845612] (-) TimerEvent: {}
[14.945897] (-) TimerEvent: {}
[15.046183] (-) TimerEvent: {}
[15.146587] (-) TimerEvent: {}
[15.198525] (tensegrity_driver) Command: {'cmd': ['/usr/bin/python3', '-W', 'ignore:setup.py install is deprecated', '-W', 'ignore:easy_install command is deprecated', 'setup.py', 'develop', '--editable', '--build-directory', '/home/pracsys/Desktop/tensegrity/ros2_ws/src/build/tensegrity_driver/build', '--no-deps', 'symlink_data'], 'cwd': '/home/pracsys/Desktop/tensegrity/ros2_ws/src/build/tensegrity_driver', 'env': {'GJS_DEBUG_TOPICS': 'JS ERROR;JS LOG', 'LESSOPEN': '| /usr/bin/lesspipe %s', 'USER': 'pracsys', 'ROS_PACKAGE_PATH': '/home/pracsys/ros-install/noetic/install_isolated/share', 'XDG_SESSION_TYPE': 'x11', 'GIT_ASKPASS': '/usr/share/code/resources/app/extensions/git/dist/askpass.sh', 'ROS_ETC_DIR': '/home/pracsys/ros-install/noetic/install_isolated/etc/ros', 'SHLVL': '1', 'LD_LIBRARY_PATH': '/home/pracsys/Desktop/tensegrity/ros2_ws/src/install/tensegrity_interfaces/lib:/opt/ros/humble/lib/x86_64-linux-gnu:/opt/ros/humble/lib:/home/pracsys/ros-install/noetic/install_isolated/lib', 'HOME': '/home/pracsys', 'CHROME_DESKTOP': 'code.desktop', 'CONDA_SHLVL': '0', 'OLDPWD': '/home/pracsys/Desktop/tensegrity/ros2_ws/src/tensegrity_planning', 'TERM_PROGRAM_VERSION': '1.109.0', 'DESKTOP_SESSION': 'ubuntu', 'GIO_LAUNCHED_DESKTOP_FILE': '/usr/share/applications/code.desktop', 'ROS_PYTHON_VERSION': '3', 'GNOME_SHELL_SESSION_MODE': 'ubuntu', 'GTK_MODULES': 'gail:atk-bridge', 'VSCODE_GIT_ASKPASS_MAIN': '/usr/share/code/resources/app/extensions/git/dist/askpass-main.js', 'PS1': '\\[\x1b]633;A\x07\\]\\[\\033[0;1;36m\\]\\u:\\[\\033[0;91m\\] (feat/separate-tensegrity-core)\\[\\033[38;5;166;1m\\] \\W $ \\[\\033[0m\\]\\[\x1b]633;B\x07\\]', 'VSCODE_GIT_ASKPASS_NODE': '/usr/share/code/code', 'MANAGERPID': '1970', 'SYSTEMD_EXEC_PID': '2212', 'VSCODE_PYTHON_AUTOACTIVATE_GUARD': '1', 'DBUS_SESSION_BUS_ADDRESS': 'unix:path=/run/user/1000/bus', 'COLORTERM': 'truecolor', '_CE_M': '', 'GIO_LAUNCHED_DESKTOP_FILE_PID': '96065', 'IM_CONFIG_PHASE': '1', 'ROS_DISTRO': 'humble', 'GTK_IM_MODULE': 'ibus', 'LOGNAME': 'pracsys', 'JOURNAL_STREAM': '8:20602', '_': '/usr/bin/colcon', 'ROS_VERSION': '2', 'PKG_CONFIG_PATH': '/home/pracsys/ros-install/noetic/install_isolated/lib/pkgconfig', 'XDG_SESSION_CLASS': 'user', 'USERNAME': 'pracsys', 'TERM': 'xterm-256color', 'GNOME_DESKTOP_SESSION_ID': 'this-is-deprecated', '_CE_CONDA': '', 'FC_FONTATIONS': '1', 'ROS_LOCALHOST_ONLY': '0', 'WINDOWPATH': '2', 'PATH': '/opt/ros/humble/bin:/home/pracsys/ros-install/noetic/install_isolated/bin:/home/pracsys/.local/bin:/home/pracsys/anaconda3/condabin:/home/pracsys/.local/bin:/usr/local/sbin:/usr/local/bin:/usr/sbin:/usr/bin:/sbin:/bin:/usr/games:/usr/local/games:/snap/bin:/snap/bin', 'SESSION_MANAGER': 'local/pracsys-HP-Z440-Workstation:@/tmp/.ICE-unix/2184,unix/pracsys-HP-Z440-Workstation:/tmp/.ICE-unix/2184', 'GIT_PS1_SHOWDIRTYSTATE': '1', 'INVOCATION_ID': '12bba4ae6633497c921952b83c306469', 'XDG_MENU_PREFIX': 'gnome-', 'XDG_RUNTIME_DIR': '/run/user/1000', 'GDK_BACKEND': 'x11', 'MAMBA_ROOT_PREFIX': '/home/pracsys/micromamba', 'DISPLAY': ':1', 'LANG': 'en_US.UTF-8', 'XDG_CURRENT_DESKTOP': 'ubuntu:GNOME', 'MJ_PATH': '/home/pracsys/mujoco/mujoco-2.3.7', 'XMODIFIERS': '@im=ibus', 'ROSLISP_PACKAGE_DIRECTORIES': '', 'XDG_SESSION_DESKTOP': 'ubuntu', 'XAUTHORITY': '/run/user/1000/gdm/Xauthority', 'LS_COLORS': 'rs=0:di=01;34:ln=01;36:mh=00:pi=40;33:so=01;35:do=01;35:bd=40;33;01:cd=40;33;01:or=40;31;01:mi=00:su=37;41:sg=30;43:ca=30;41:tw=30;42:ow=34;42:st=37;44:ex=01;32:*.tar=01;31:*.tgz=01;31:*.arc=01;31:*.arj=01;31:*.taz=01;31:*.lha=01;31:*.lz4=01;31:*.lzh=01;31:*.lzma=01;31:*.tlz=01;31:*.txz=01;31:*.tzo=01;31:*.t7z=01;31:*.zip=01;31:*.z=01;31:*.dz=01;31:*.gz=01;31:*.lrz=01;31:*.lz=01;31:*.lzo=01;31:*.xz=01;31:*.zst=01;31:*.tzst=01;31:*.bz2=01;31:*.bz=01;31:*.tbz=01;31:*.tbz2=01;31:*.tz=01;31:*.deb=01;31:*.rpm=01;31:*.jar=01;31:*.war=01;31:*.ear=01;31:*.sar=01;31:*.rar=01;31:*.alz=01;31:*.ace=01;31:*.zoo=01;31:*.cpio=01;31:*.7z=01;31:*.rz=01;31:*.cab=01;31:*.wim=01;31:*.swm=01;31:*.dwm=01;31:*.esd=01;31:*.jpg=01;35:*.jpeg=01;35:*.mjpg=01;35:*.mjpeg=01;35:*.gif=01;35:*.bmp=01;35:*.pbm=01;35:*.pgm=01;35:*.ppm=01;35:*.tga=01;35:*.xbm=01;35:*.xpm=01;35:*.tif=01;35:*.tiff=01;35:*.png=01;35:*.svg=01;35:*.svgz=01;35:*.mng=01;35:*.pcx=01;35:*.mov=01;35:*.mpg=01;35:*.mpeg=01;35:*.m2v=01;35:*.mkv=01;35:*.webm=01;35:*.webp=01;35:*.ogm=01;35:*.mp4=01;35:*.m4v=01;35:*.mp4v=01;35:*.vob=01;35:*.qt=01;35:*.nuv=01;35:*.wmv=01;35:*.asf=01;35:*.rm=01;35:*.rmvb=01;35:*.flc=01;35:*.avi=01;35:*.fli=01;35:*.flv=01;35:*.gl=01;35:*.dl=01;35:*.xcf=01;35:*.xwd=01;35:*.yuv=01;35:*.cgm=01;35:*.emf=01;35:*.ogv=01;35:*.ogx=01;35:*.aac=00;36:*.au=00;36:*.flac=00;36:*.m4a=00;36:*.mid=00;36:*.midi=00;36:*.mka=00;36:*.mp3=00;36:*.mpc=00;36:*.ogg=00;36:*.ra=00;36:*.wav=00;36:*.oga=00;36:*.opus=00;36:*.spx=00;36:*.xspf=00;36:', 'VSCODE_GIT_IPC_HANDLE': '/run/user/1000/vscode-git-df4d54f94b.sock', 'ROS_ROOT': '/home/pracsys/ros-install/noetic/install_isolated/share/ros', 'TERM_PROGRAM': 'vscode', 'SSH_AGENT_LAUNCHER': 'gnome-keyring', 'SSH_AUTH_SOCK': '/run/user/1000/keyring/ssh', 'AMENT_PREFIX_PATH': '/home/pracsys/Desktop/tensegrity/ros2_ws/src/install/tensegrity_interfaces:/home/pracsys/Desktop/tensegrity/ros2_ws/src/install/tensegrity_core:/opt/ros/humble', 'CONDA_PYTHON_EXE': '/home/pracsys/anaconda3/bin/python', 'SHELL': '/bin/bash', 'QT_ACCESSIBILITY': '1', 'ROS_MASTER_URI': 'http://robb.cs.rutgers.edu:11311/', 'GDMSESSION': 'ubuntu', 'LESSCLOSE': '/usr/bin/lesspipe %s %s', 'GPG_AGENT_INFO': '/run/user/1000/gnupg/S.gpg-agent:0:1', 'GJS_DEBUG_OUTPUT': 'stderr', 'MAMBA_EXE': '/home/pracsys/.local/bin/micromamba', 'VSCODE_GIT_ASKPASS_EXTRA_ARGS': '', 'QT_IM_MODULE': 'ibus', 'PWD': '/home/pracsys/Desktop/tensegrity/ros2_ws/src/build/tensegrity_driver', 'XDG_CONFIG_DIRS': '/etc/xdg/xdg-ubuntu:/etc/xdg', 'CONDA_EXE': '/home/pracsys/anaconda3/bin/conda', 'XDG_DATA_DIRS': '/usr/share/ubuntu:/usr/share/gnome:/usr/local/share/:/usr/share/:/var/lib/snapd/desktop', 'PYTHONPATH': '/home/pracsys/Desktop/tensegrity/ros2_ws/src/build/tensegrity_driver/prefix_override:/usr/lib/python3/dist-packages/colcon_core/task/python/colcon_distutils_commands:/home/pracsys/Desktop/tensegrity/ros2_ws/src/install/tensegrity_driver/lib/python3.10/site-packages:/home/pracsys/Desktop/tensegrity/ros2_ws/src/install/tensegrity_interfaces/local/lib/python3.10/dist-packages:/home/pracsys/Desktop/tensegrity/ros2_ws/src/build/tensegrity_core/.:/home/pracsys/Desktop/tensegrity/ros2_ws/src/install/tensegrity_core/lib/python3.10/site-packages:/opt/ros/humble/lib/python3.10/site-packages:/opt/ros/humble/local/lib/python3.10/dist-packages:/home/pracsys/ros-install/noetic/install_isolated/lib/python3/dist-packages', 'ROS_HOSTNAME': 'robb.cs.rutgers.edu', 'COLCON': '1', 'DIRTMP_PATH': '/home/pracsys/code/ML4KP-devel', 'CMAKE_PREFIX_PATH': '/home/pracsys/Desktop/tensegrity/ros2_ws/src/install/tensegrity_interfaces:/home/pracsys/ros-install/noetic/install_isolated'}, 'shell': False}
[15.201822] (tensegrity_planning) Command: {'cmd': ['/usr/bin/python3', '-W', 'ignore:setup.py install is deprecated', '-W', 'ignore:easy_install command is deprecated', 'setup.py', 'develop', '--editable', '--build-directory', '/home/pracsys/Desktop/tensegrity/ros2_ws/src/build/tensegrity_planning/build', '--no-deps', 'symlink_data'], 'cwd': '/home/pracsys/Desktop/tensegrity/ros2_ws/src/build/tensegrity_planning', 'env': {'GJS_DEBUG_TOPICS': 'JS ERROR;JS LOG', 'LESSOPEN': '| /usr/bin/lesspipe %s', 'USER': 'pracsys', 'ROS_PACKAGE_PATH': '/home/pracsys/ros-install/noetic/install_isolated/share', 'XDG_SESSION_TYPE': 'x11', 'GIT_ASKPASS': '/usr/share/code/resources/app/extensions/git/dist/askpass.sh', 'ROS_ETC_DIR': '/home/pracsys/ros-install/noetic/install_isolated/etc/ros', 'SHLVL': '1', 'LD_LIBRARY_PATH': '/home/pracsys/Desktop/tensegrity/ros2_ws/src/install/tensegrity_interfaces/lib:/opt/ros/humble/lib/x86_64-linux-gnu:/opt/ros/humble/lib:/home/pracsys/ros-install/noetic/install_isolated/lib', 'HOME': '/home/pracsys', 'CHROME_DESKTOP': 'code.desktop', 'CONDA_SHLVL': '0', 'OLDPWD': '/home/pracsys/Desktop/tensegrity/ros2_ws/src/tensegrity_planning', 'TERM_PROGRAM_VERSION': '1.109.0', 'DESKTOP_SESSION': 'ubuntu', 'GIO_LAUNCHED_DESKTOP_FILE': '/usr/share/applications/code.desktop', 'ROS_PYTHON_VERSION': '3', 'GNOME_SHELL_SESSION_MODE': 'ubuntu', 'GTK_MODULES': 'gail:atk-bridge', 'VSCODE_GIT_ASKPASS_MAIN': '/usr/share/code/resources/app/extensions/git/dist/askpass-main.js', 'PS1': '\\[\x1b]633;A\x07\\]\\[\\033[0;1;36m\\]\\u:\\[\\033[0;91m\\] (feat/separate-tensegrity-core)\\[\\033[38;5;166;1m\\] \\W $ \\[\\033[0m\\]\\[\x1b]633;B\x07\\]', 'VSCODE_GIT_ASKPASS_NODE': '/usr/share/code/code', 'MANAGERPID': '1970', 'SYSTEMD_EXEC_PID': '2212', 'VSCODE_PYTHON_AUTOACTIVATE_GUARD': '1', 'DBUS_SESSION_BUS_ADDRESS': 'unix:path=/run/user/1000/bus', 'COLORTERM': 'truecolor', '_CE_M': '', 'GIO_LAUNCHED_DESKTOP_FILE_PID': '96065', 'IM_CONFIG_PHASE': '1', 'ROS_DISTRO': 'humble', 'GTK_IM_MODULE': 'ibus', 'LOGNAME': 'pracsys', 'JOURNAL_STREAM': '8:20602', '_': '/usr/bin/colcon', 'ROS_VERSION': '2', 'PKG_CONFIG_PATH': '/home/pracsys/ros-install/noetic/install_isolated/lib/pkgconfig', 'XDG_SESSION_CLASS': 'user', 'USERNAME': 'pracsys', 'TERM': 'xterm-256color', 'GNOME_DESKTOP_SESSION_ID': 'this-is-deprecated', '_CE_CONDA': '', 'FC_FONTATIONS': '1', 'ROS_LOCALHOST_ONLY': '0', 'WINDOWPATH': '2', 'PATH': '/opt/ros/humble/bin:/home/pracsys/ros-install/noetic/install_isolated/bin:/home/pracsys/.local/bin:/home/pracsys/anaconda3/condabin:/home/pracsys/.local/bin:/usr/local/sbin:/usr/local/bin:/usr/sbin:/usr/bin:/sbin:/bin:/usr/games:/usr/local/games:/snap/bin:/snap/bin', 'SESSION_MANAGER': 'local/pracsys-HP-Z440-Workstation:@/tmp/.ICE-unix/2184,unix/pracsys-HP-Z440-Workstation:/tmp/.ICE-unix/2184', 'GIT_PS1_SHOWDIRTYSTATE': '1', 'INVOCATION_ID': '12bba4ae6633497c921952b83c306469', 'XDG_MENU_PREFIX': 'gnome-', 'XDG_RUNTIME_DIR': '/run/user/1000', 'GDK_BACKEND': 'x11', 'MAMBA_ROOT_PREFIX': '/home/pracsys/micromamba', 'DISPLAY': ':1', 'LANG': 'en_US.UTF-8', 'XDG_CURRENT_DESKTOP': 'ubuntu:GNOME', 'MJ_PATH': '/home/pracsys/mujoco/mujoco-2.3.7', 'XMODIFIERS': '@im=ibus', 'ROSLISP_PACKAGE_DIRECTORIES': '', 'XDG_SESSION_DESKTOP': 'ubuntu', 'XAUTHORITY': '/run/user/1000/gdm/Xauthority', 'LS_COLORS': 'rs=0:di=01;34:ln=01;36:mh=00:pi=40;33:so=01;35:do=01;35:bd=40;33;01:cd=40;33;01:or=40;31;01:mi=00:su=37;41:sg=30;43:ca=30;41:tw=30;42:ow=34;42:st=37;44:ex=01;32:*.tar=01;31:*.tgz=01;31:*.arc=01;31:*.arj=01;31:*.taz=01;31:*.lha=01;31:*.lz4=01;31:*.lzh=01;31:*.lzma=01;31:*.tlz=01;31:*.txz=01;31:*.tzo=01;31:*.t7z=01;31:*.zip=01;31:*.z=01;31:*.dz=01;31:*.gz=01;31:*.lrz=01;31:*.lz=01;31:*.lzo=01;31:*.xz=01;31:*.zst=01;31:*.tzst=01;31:*.bz2=01;31:*.bz=01;31:*.tbz=01;31:*.tbz2=01;31:*.tz=01;31:*.deb=01;31:*.rpm=01;31:*.jar=01;31:*.war=01;31:*.ear=01;31:*.sar=01;31:*.rar=01;31:*.alz=01;31:*.ace=01;31:*.zoo=01;31:*.cpio=01;31:*.7z=01;31:*.rz=01;31:*.cab=01;31:*.wim=01;31:*.swm=01;31:*.dwm=01;31:*.esd=01;31:*.jpg=01;35:*.jpeg=01;35:*.mjpg=01;35:*.mjpeg=01;35:*.gif=01;35:*.bmp=01;35:*.pbm=01;35:*.pgm=01;35:*.ppm=01;35:*.tga=01;35:*.xbm=01;35:*.xpm=01;35:*.tif=01;35:*.tiff=01;35:*.png=01;35:*.svg=01;35:*.svgz=01;35:*.mng=01;35:*.pcx=01;35:*.mov=01;35:*.mpg=01;35:*.mpeg=01;35:*.m2v=01;35:*.mkv=01;35:*.webm=01;35:*.webp=01;35:*.ogm=01;35:*.mp4=01;35:*.m4v=01;35:*.mp4v=01;35:*.vob=01;35:*.qt=01;35:*.nuv=01;35:*.wmv=01;35:*.asf=01;35:*.rm=01;35:*.rmvb=01;35:*.flc=01;35:*.avi=01;35:*.fli=01;35:*.flv=01;35:*.gl=01;35:*.dl=01;35:*.xcf=01;35:*.xwd=01;35:*.yuv=01;35:*.cgm=01;35:*.emf=01;35:*.ogv=01;35:*.ogx=01;35:*.aac=00;36:*.au=00;36:*.flac=00;36:*.m4a=00;36:*.mid=00;36:*.midi=00;36:*.mka=00;36:*.mp3=00;36:*.mpc=00;36:*.ogg=00;36:*.ra=00;36:*.wav=00;36:*.oga=00;36:*.opus=00;36:*.spx=00;36:*.xspf=00;36:', 'VSCODE_GIT_IPC_HANDLE': '/run/user/1000/vscode-git-df4d54f94b.sock', 'ROS_ROOT': '/home/pracsys/ros-install/noetic/install_isolated/share/ros', 'TERM_PROGRAM': 'vscode', 'SSH_AGENT_LAUNCHER': 'gnome-keyring', 'SSH_AUTH_SOCK': '/run/user/1000/keyring/ssh', 'AMENT_PREFIX_PATH': '/home/pracsys/Desktop/tensegrity/ros2_ws/src/install/tensegrity_interfaces:/opt/ros/humble', 'CONDA_PYTHON_EXE': '/home/pracsys/anaconda3/bin/python', 'SHELL': '/bin/bash', 'QT_ACCESSIBILITY': '1', 'ROS_MASTER_URI': 'http://robb.cs.rutgers.edu:11311/', 'GDMSESSION': 'ubuntu', 'LESSCLOSE': '/usr/bin/lesspipe %s %s', 'GPG_AGENT_INFO': '/run/user/1000/gnupg/S.gpg-agent:0:1', 'GJS_DEBUG_OUTPUT': 'stderr', 'MAMBA_EXE': '/home/pracsys/.local/bin/micromamba', 'VSCODE_GIT_ASKPASS_EXTRA_ARGS': '', 'QT_IM_MODULE': 'ibus', 'PWD': '/home/pracsys/Desktop/tensegrity/ros2_ws/src/build/tensegrity_planning', 'XDG_CONFIG_DIRS': '/etc/xdg/xdg-ubuntu:/etc/xdg', 'CONDA_EXE': '/home/pracsys/anaconda3/bin/conda', 'XDG_DATA_DIRS': '/usr/share/ubuntu:/usr/share/gnome:/usr/local/share/:/usr/share/:/var/lib/snapd/desktop', 'PYTHONPATH': '/home/pracsys/Desktop/tensegrity/ros2_ws/src/build/tensegrity_planning/prefix_override:/usr/lib/python3/dist-packages/colcon_core/task/python/colcon_distutils_commands:/home/pracsys/Desktop/tensegrity/ros2_ws/src/install/tensegrity_planning/lib/python3.10/site-packages:/home/pracsys/Desktop/tensegrity/ros2_ws/src/install/tensegrity_interfaces/local/lib/python3.10/dist-packages:/opt/ros/humble/lib/python3.10/site-packages:/opt/ros/humble/local/lib/python3.10/dist-packages:/home/pracsys/ros-install/noetic/install_isolated/lib/python3/dist-packages', 'ROS_HOSTNAME': 'robb.cs.rutgers.edu', 'COLCON': '1', 'DIRTMP_PATH': '/home/pracsys/code/ML4KP-devel', 'CMAKE_PREFIX_PATH': '/home/pracsys/Desktop/tensegrity/ros2_ws/src/install/tensegrity_interfaces:/home/pracsys/ros-install/noetic/install_isolated'}, 'shell': False}
[15.246705] (-) TimerEvent: {}
[15.347036] (-) TimerEvent: {}
[15.447482] (-) TimerEvent: {}
[15.511571] (tensegrity_planning) StdoutLine: {'line': b'running develop\n'}
[15.512722] (tensegrity_driver) StdoutLine: {'line': b'running develop\n'}
[15.547618] (-) TimerEvent: {}
[15.648023] (-) TimerEvent: {}
[15.746034] (tensegrity_driver) StdoutLine: {'line': b'running egg_info\n'}
[15.746424] (tensegrity_driver) StdoutLine: {'line': b'creating tensegrity_driver.egg-info\n'}
[15.746870] (tensegrity_driver) StdoutLine: {'line': b'writing tensegrity_driver.egg-info/PKG-INFO\n'}
[15.747091] (tensegrity_planning) StdoutLine: {'line': b'running egg_info\n'}
[15.747749] (tensegrity_planning) StdoutLine: {'line': b'creating tensegrity_planning.egg-info\n'}
[15.747938] (tensegrity_driver) StdoutLine: {'line': b'writing dependency_links to tensegrity_driver.egg-info/dependency_links.txt\n'}
[15.748100] (-) TimerEvent: {}
[15.748316] (tensegrity_driver) StdoutLine: {'line': b'writing entry points to tensegrity_driver.egg-info/entry_points.txt\n'}
[15.748528] (tensegrity_driver) StdoutLine: {'line': b'writing requirements to tensegrity_driver.egg-info/requires.txt\n'}
[15.748749] (tensegrity_driver) StdoutLine: {'line': b'writing top-level names to tensegrity_driver.egg-info/top_level.txt\n'}
[15.748898] (tensegrity_planning) StdoutLine: {'line': b'writing tensegrity_planning.egg-info/PKG-INFO\n'}
[15.749058] (tensegrity_driver) StdoutLine: {'line': b"writing manifest file 'tensegrity_driver.egg-info/SOURCES.txt'\n"}
[15.749214] (tensegrity_planning) StdoutLine: {'line': b'writing dependency_links to tensegrity_planning.egg-info/dependency_links.txt\n'}
[15.749387] (tensegrity_planning) StdoutLine: {'line': b'writing entry points to tensegrity_planning.egg-info/entry_points.txt\n'}
[15.749679] (tensegrity_planning) StdoutLine: {'line': b'writing requirements to tensegrity_planning.egg-info/requires.txt\n'}
[15.749847] (tensegrity_planning) StdoutLine: {'line': b'writing top-level names to tensegrity_planning.egg-info/top_level.txt\n'}
[15.750006] (tensegrity_planning) StdoutLine: {'line': b"writing manifest file 'tensegrity_planning.egg-info/SOURCES.txt'\n"}
[15.750162] (tensegrity_driver) StdoutLine: {'line': b"reading manifest file 'tensegrity_driver.egg-info/SOURCES.txt'\n"}
[15.750417] (tensegrity_driver) StdoutLine: {'line': b"writing manifest file 'tensegrity_driver.egg-info/SOURCES.txt'\n"}
[15.750636] (tensegrity_planning) StdoutLine: {'line': b"reading manifest file 'tensegrity_planning.egg-info/SOURCES.txt'\n"}
[15.750851] (tensegrity_planning) StdoutLine: {'line': b"writing manifest file 'tensegrity_planning.egg-info/SOURCES.txt'\n"}
[15.751001] (tensegrity_driver) StdoutLine: {'line': b'running build_ext\n'}
[15.751145] (tensegrity_driver) StdoutLine: {'line': b'Creating /home/pracsys/Desktop/tensegrity/ros2_ws/src/install/tensegrity_driver/lib/python3.10/site-packages/tensegrity-driver.egg-link (link to .)\n'}
[15.751380] (tensegrity_planning) StdoutLine: {'line': b'running build_ext\n'}
[15.751644] (tensegrity_driver) StdoutLine: {'line': b'Installing tensegrity_driver_node script to /home/pracsys/Desktop/tensegrity/ros2_ws/src/install/tensegrity_driver/lib/tensegrity_driver\n'}
[15.751981] (tensegrity_planning) StdoutLine: {'line': b'Creating /home/pracsys/Desktop/tensegrity/ros2_ws/src/install/tensegrity_planning/lib/python3.10/site-packages/tensegrity-planning.egg-link (link to .)\n'}
[15.752211] (tensegrity_driver) StdoutLine: {'line': b'\n'}
[15.752392] (tensegrity_driver) StdoutLine: {'line': b'Installed /home/pracsys/Desktop/tensegrity/ros2_ws/src/build/tensegrity_driver\n'}
[15.752677] (tensegrity_driver) StdoutLine: {'line': b'running symlink_data\n'}
[15.752845] (tensegrity_driver) StdoutLine: {'line': b'creating /home/pracsys/Desktop/tensegrity/ros2_ws/src/install/tensegrity_driver/share/ament_index\n'}
[15.753007] (tensegrity_driver) StdoutLine: {'line': b'creating /home/pracsys/Desktop/tensegrity/ros2_ws/src/install/tensegrity_driver/share/ament_index/resource_index\n'}
[15.753166] (tensegrity_driver) StdoutLine: {'line': b'creating /home/pracsys/Desktop/tensegrity/ros2_ws/src/install/tensegrity_driver/share/ament_index/resource_index/packages\n'}
[15.753325] (tensegrity_driver) StderrLine: {'line': b"error: can't copy '/home/pracsys/Desktop/tensegrity/ros2_ws/src/build/tensegrity_driver/resource/tensegrity_driver': doesn't exist or not a regular file\n"}
[15.753625] (tensegrity_planning) StdoutLine: {'line': b'Installing astar_planner_node script to /home/pracsys/Desktop/tensegrity/ros2_ws/src/install/tensegrity_planning/lib/tensegrity_planning\n'}
[15.753803] (tensegrity_planning) StdoutLine: {'line': b'Installing rl_planner_node script to /home/pracsys/Desktop/tensegrity/ros2_ws/src/install/tensegrity_planning/lib/tensegrity_planning\n'}
[15.754019] (tensegrity_planning) StdoutLine: {'line': b'\n'}
[15.754227] (tensegrity_planning) StdoutLine: {'line': b'Installed /home/pracsys/Desktop/tensegrity/ros2_ws/src/build/tensegrity_planning\n'}
[15.754401] (tensegrity_planning) StdoutLine: {'line': b'running symlink_data\n'}
[15.754573] (tensegrity_planning) StdoutLine: {'line': b'creating /home/pracsys/Desktop/tensegrity/ros2_ws/src/install/tensegrity_planning/share/ament_index\n'}
[15.754719] (tensegrity_planning) StdoutLine: {'line': b'creating /home/pracsys/Desktop/tensegrity/ros2_ws/src/install/tensegrity_planning/share/ament_index/resource_index\n'}
[15.754862] (tensegrity_planning) StdoutLine: {'line': b'creating /home/pracsys/Desktop/tensegrity/ros2_ws/src/install/tensegrity_planning/share/ament_index/resource_index/packages\n'}
[15.755005] (tensegrity_planning) StdoutLine: {'line': b'symbolically linking /home/pracsys/Desktop/tensegrity/ros2_ws/src/build/tensegrity_planning/resource/tensegrity_planning -> /home/pracsys/Desktop/tensegrity/ros2_ws/src/install/tensegrity_planning/share/ament_index/resource_index/packages\n'}
[15.755151] (tensegrity_planning) StdoutLine: {'line': b'symbolically linking /home/pracsys/Desktop/tensegrity/ros2_ws/src/build/tensegrity_planning/package.xml -> /home/pracsys/Desktop/tensegrity/ros2_ws/src/install/tensegrity_planning/share/tensegrity_planning\n'}
[15.785507] (tensegrity_driver) CommandEnded: {'returncode': 1}
[15.786981] (tensegrity_driver) JobEnded: {'identifier': 'tensegrity_driver', 'rc': 1}
[15.787775] (tensegrity_planning) JobEnded: {'identifier': 'tensegrity_planning', 'rc': 'SIGINT'}
[15.797275] (tensegrity_bringup) JobSkipped: {'identifier': 'tensegrity_bringup'}
[15.797463] (-) EventReactorShutdown: {}
